{"v":"5.6.2","fr":29.9700012207031,"ip":0,"op":50.0000020365418,"w":1080,"h":280,"nm":"contact arrow button","ddd":0,"assets":[],"fonts":{"list":[{"fName":"Poppins-SemiBold","fFamily":"Poppins","fStyle":"SemiBold","ascent":73.9990234375}]},"layers":[{"ddd":0,"ind":1,"ty":3,"nm":"Null 1","sr":1,"ks":{"o":{"a":0,"k":0,"ix":11},"r":{"a":0,"k":0,"ix":10},"p":{"a":0,"k":[540,140,0],"ix":2},"a":{"a":0,"k":[0,0,0],"ix":1},"s":{"a":0,"k":[149,149,100],"ix":6}},"ao":0,"ip":0,"op":178.000007250089,"st":0,"bm":0},{"ddd":0,"ind":2,"ty":4,"nm":"Shape Layer 1","parent":7,"td":1,"sr":1,"ks":{"o":{"a":0,"k":100,"ix":11},"r":{"a":0,"k":0,"ix":10},"p":{"a":0,"k":[-587.49,33.558,0],"ix":2},"a":{"a":0,"k":[-869.758,0,0],"ix":1},"s":{"a":0,"k":[166.755,100,100],"ix":6}},"ao":0,"shapes":[{"ty":"gr","it":[{"ty":"rc","d":1,"s":{"a":0,"k":[350,114],"ix":2},"p":{"a":0,"k":[0,0],"ix":3},"r":{"a":0,"k":0,"ix":4},"nm":"Rectangle Path 1","mn":"ADBE Vector Shape - Rect","hd":false},{"ty":"fl","c":{"a":0,"k":[0.949019667682,0.807843197093,0.819607902976,1],"ix":4},"o":{"a":0,"k":100,"ix":5},"r":1,"bm":0,"nm":"Fill 1","mn":"ADBE Vector Graphic - Fill","hd":false},{"ty":"tr","p":{"a":0,"k":[-691,7],"ix":2},"a":{"a":0,"k":[0,0],"ix":1},"s":{"a":0,"k":[100,100],"ix":3},"r":{"a":0,"k":0,"ix":6},"o":{"a":0,"k":100,"ix":7},"sk":{"a":0,"k":0,"ix":4},"sa":{"a":0,"k":0,"ix":5},"nm":"Transform"}],"nm":"Rectangle 1","np":3,"cix":2,"bm":0,"ix":1,"mn":"ADBE Vector Group","hd":false}],"ip":0,"op":178.000007250089,"st":0,"bm":0},{"ddd":0,"ind":3,"ty":5,"nm":"LetÃ¢ÂÂs go!","parent":1,"tt":1,"sr":1,"ks":{"o":{"a":0,"k":100,"ix":11},"r":{"a":0,"k":0,"ix":10},"p":{"a":0,"k":[0.64,25.354,0],"ix":2},"a":{"a":0,"k":[0,0,0],"ix":1},"s":{"a":0,"k":[100,100,100],"ix":6}},"ao":0,"t":{"d":{"k":[{"s":{"s":65.2300033569336,"f":"Poppins-SemiBold","t":"LetÃ¢ÂÂs go!","j":2,"tr":0,"lh":78.2760040283203,"ls":0,"fc":[0.851,0.239,0.29]},"t":0}]},"p":{},"m":{"g":1,"a":{"a":0,"k":[0,0],"ix":2}},"a":[]},"ip":0,"op":178.000007250089,"st":0,"bm":0},{"ddd":0,"ind":4,"ty":4,"nm":"git mask","parent":1,"td":1,"sr":1,"ks":{"o":{"a":0,"k":100,"ix":11},"r":{"a":0,"k":0,"ix":10},"p":{"a":0,"k":[0,0,0],"ix":2},"a":{"a":0,"k":[347.024,79.282,0],"ix":1},"s":{"a":0,"k":[100,100,100],"ix":6}},"ao":0,"shapes":[{"ty":"gr","it":[{"ind":0,"ty":"sh","ix":1,"ks":{"a":0,"k":{"i":[[12.144,0],[0,0],[0,12.143],[0,0],[-12.144,0],[0,0],[0,-12.144],[0,0]],"o":[[0,0],[-12.144,0],[0,0],[0,-12.144],[0,0],[12.144,0],[0,0],[0,12.143]],"v":[[324.786,79.032],[-324.786,79.032],[-346.775,57.044],[-346.775,-57.044],[-324.786,-79.032],[324.786,-79.032],[346.774,-57.044],[346.774,57.044]],"c":true},"ix":2},"nm":"Path 1","mn":"ADBE Vector Shape - Group","hd":false},{"ty":"fl","c":{"a":0,"k":[0.949019667682,0.807843197093,0.819607902976,1],"ix":4},"o":{"a":0,"k":100,"ix":5},"r":1,"bm":0,"nm":"Fill 1","mn":"ADBE Vector Graphic - Fill","hd":false},{"ty":"tr","p":{"a":0,"k":[347.024,79.282],"ix":2},"a":{"a":0,"k":[0,0],"ix":1},"s":{"a":0,"k":[100,100],"ix":3},"r":{"a":0,"k":0,"ix":6},"o":{"a":0,"k":100,"ix":7},"sk":{"a":0,"k":0,"ix":4},"sa":{"a":0,"k":0,"ix":5},"nm":"Transform"}],"nm":"Group 1","np":2,"cix":2,"bm":0,"ix":1,"mn":"ADBE Vector Group","hd":false}],"ip":0,"op":178.000007250089,"st":0,"bm":0},{"ddd":0,"ind":5,"ty":5,"nm":"Get in touch","parent":1,"tt":1,"sr":1,"ks":{"o":{"a":0,"k":100,"ix":11},"r":{"a":0,"k":0,"ix":10},"p":{"a":1,"k":[{"i":{"x":0,"y":1},"o":{"x":0,"y":0},"t":10,"s":[0.64,25.354,0],"to":[2.333,0,0],"ti":[-2.333,0,0]},{"i":{"x":0,"y":0},"o":{"x":0.333,"y":0.333},"t":12,"s":[14.64,25.354,0],"to":[0,0,0],"ti":[0,0,0]},{"i":{"x":0,"y":1},"o":{"x":0,"y":0},"t":26,"s":[14.64,25.354,0],"to":[89.333,0,0],"ti":[-89.333,0,0]},{"t":35.0000014255792,"s":[550.64,25.354,0]}],"ix":2},"a":{"a":0,"k":[0,0,0],"ix":1},"s":{"a":0,"k":[100,100,100],"ix":6}},"ao":0,"t":{"d":{"k":[{"s":{"s":65.2300033569336,"f":"Poppins-SemiBold","t":"Get in touch","j":2,"tr":0,"lh":78.2760040283203,"ls":0,"fc":[0.851,0.239,0.29]},"t":0}]},"p":{},"m":{"g":1,"a":{"a":0,"k":[0,0],"ix":2}},"a":[]},"ip":0,"op":178.000007250089,"st":0,"bm":0},{"ddd":0,"ind":6,"ty":4,"nm":"plane mask","parent":1,"td":1,"sr":1,"ks":{"o":{"a":0,"k":100,"ix":11},"r":{"a":0,"k":0,"ix":10},"p":{"a":0,"k":[0,0,0],"ix":2},"a":{"a":0,"k":[347.024,79.282,0],"ix":1},"s":{"a":0,"k":[100,100,100],"ix":6}},"ao":0,"shapes":[{"ty":"gr","it":[{"ind":0,"ty":"sh","ix":1,"ks":{"a":0,"k":{"i":[[12.144,0],[0,0],[0,12.143],[0,0],[-12.144,0],[0,0],[0,-12.144],[0,0]],"o":[[0,0],[-12.144,0],[0,0],[0,-12.144],[0,0],[12.144,0],[0,0],[0,12.143]],"v":[[324.786,79.032],[-324.786,79.032],[-346.775,57.044],[-346.775,-57.044],[-324.786,-79.032],[324.786,-79.032],[346.774,-57.044],[346.774,57.044]],"c":true},"ix":2},"nm":"Path 1","mn":"ADBE Vector Shape - Group","hd":false},{"ty":"fl","c":{"a":0,"k":[0.949019667682,0.807843197093,0.819607902976,1],"ix":4},"o":{"a":0,"k":100,"ix":5},"r":1,"bm":0,"nm":"Fill 1","mn":"ADBE Vector Graphic - Fill","hd":false},{"ty":"tr","p":{"a":0,"k":[347.024,79.282],"ix":2},"a":{"a":0,"k":[0,0],"ix":1},"s":{"a":0,"k":[100,100],"ix":3},"r":{"a":0,"k":0,"ix":6},"o":{"a":0,"k":100,"ix":7},"sk":{"a":0,"k":0,"ix":4},"sa":{"a":0,"k":0,"ix":5},"nm":"Transform"}],"nm":"Group 1","np":2,"cix":2,"bm":0,"ix":1,"mn":"ADBE Vector Group","hd":false}],"ip":0,"op":178.000007250089,"st":0,"bm":0},{"ddd":0,"ind":7,"ty":4,"nm":"paper plane","parent":1,"tt":1,"sr":1,"ks":{"o":{"a":0,"k":100,"ix":11},"r":{"a":0,"k":0,"ix":10},"p":{"a":1,"k":[{"i":{"x":1,"y":1},"o":{"x":1,"y":0},"t":0,"s":[-451.279,4.903,0],"to":[33.5,0,0],"ti":[-33.5,0,0]},{"i":{"x":0.454,"y":0.454},"o":{"x":0,"y":0},"t":10,"s":[-250.279,4.903,0],"to":[0,0,0],"ti":[0,0,0]},{"i":{"x":0,"y":1},"o":{"x":0,"y":0},"t":12,"s":[-250.279,4.903,0],"to":[-4.5,0,0],"ti":[4.5,0,0]},{"i":{"x":0,"y":0},"o":{"x":0.167,"y":0.167},"t":24,"s":[-277.279,4.903,0],"to":[0,0,0],"ti":[0,0,0]},{"i":{"x":0,"y":1},"o":{"x":0.167,"y":0},"t":25,"s":[-277.279,4.903,0],"to":[113.5,0,0],"ti":[-113.5,0,0]},{"t":41.0000016699642,"s":[403.721,4.903,0]}],"ix":2},"a":{"a":0,"k":[52.633,38.46,0],"ix":1},"s":{"a":0,"k":[100,100,100],"ix":6}},"ao":0,"shapes":[{"ty":"gr","it":[{"ind":0,"ty":"sh","ix":1,"ks":{"a":0,"k":{"i":[[0,0],[0,0],[0,0]],"o":[[0,0],[0,0],[0,0]],"v":[[-40.606,-16.393],[-44.61,19.673],[44.61,-19.673]],"c":true},"ix":2},"nm":"Path 1","mn":"ADBE Vector Shape - Group","hd":false},{"ty":"fl","c":{"a":0,"k":[0.982474293428,0.200512470919,0.223680772968,1],"ix":4},"o":{"a":0,"k":100,"ix":5},"r":1,"bm":0,"nm":"Fill 1","mn":"ADBE Vector Graphic - Fill","hd":false},{"ty":"tr","p":{"a":0,"k":[60.405,56.998],"ix":2},"a":{"a":0,"k":[0,0],"ix":1},"s":{"a":0,"k":[100,100],"ix":3},"r":{"a":0,"k":0,"ix":6},"o":{"a":0,"k":100,"ix":7},"sk":{"a":0,"k":0,"ix":4},"sa":{"a":0,"k":0,"ix":5},"nm":"Transform"}],"nm":"Group 1","np":2,"cix":2,"bm":0,"ix":1,"mn":"ADBE Vector Group","hd":false},{"ty":"gr","it":[{"ind":0,"ty":"sh","ix":1,"ks":{"a":0,"k":{"i":[[0,0],[0,0],[0,0]],"o":[[0,0],[0,0],[0,0]],"v":[[-9.87,-0.334],[9.87,5.532],[9.493,-5.532]],"c":true},"ix":2},"nm":"Path 1","mn":"ADBE Vector Shape - Group","hd":false},{"ty":"fl","c":{"a":0,"k":[0.700378477807,0.055585898605,0.052718880597,1],"ix":4},"o":{"a":0,"k":100,"ix":5},"r":1,"bm":0,"nm":"Fill 1","mn":"ADBE Vector Graphic - Fill","hd":false},{"ty":"tr","p":{"a":0,"k":[10.305,46.136],"ix":2},"a":{"a":0,"k":[0,0],"ix":1},"s":{"a":0,"k":[100,100],"ix":3},"r":{"a":0,"k":0,"ix":6},"o":{"a":0,"k":100,"ix":7},"sk":{"a":0,"k":0,"ix":4},"sa":{"a":0,"k":0,"ix":5},"nm":"Transform"}],"nm":"Group 2","np":2,"cix":2,"bm":0,"ix":2,"mn":"ADBE Vector Group","hd":false},{"ty":"gr","it":[{"ind":0,"ty":"sh","ix":1,"ks":{"a":0,"k":{"i":[[0,0],[0,0],[0,0],[0,0]],"o":[[0,0],[0,0],[0,0],[0,0]],"v":[[-35.568,-9.644],[-52.29,9.644],[-32.926,4.446],[52.29,1.166]],"c":true},"ix":2},"nm":"Path 1","mn":"ADBE Vector Shape - Group","hd":false},{"ty":"fl","c":{"a":0,"k":[0.855389344458,0.082227893904,0.09467159346,1],"ix":4},"o":{"a":0,"k":100,"ix":5},"r":1,"bm":0,"nm":"Fill 1","mn":"ADBE Vector Graphic - Fill","hd":false},{"ty":"tr","p":{"a":0,"k":[52.725,36.159],"ix":2},"a":{"a":0,"k":[0,0],"ix":1},"s":{"a":0,"k":[100,100],"ix":3},"r":{"a":0,"k":0,"ix":6},"o":{"a":0,"k":100,"ix":7},"sk":{"a":0,"k":0,"ix":4},"sa":{"a":0,"k":0,"ix":5},"nm":"Transform"}],"nm":"Group 3","np":2,"cix":2,"bm":0,"ix":3,"mn":"ADBE Vector Group","hd":false},{"ty":"gr","it":[{"ind":0,"ty":"sh","ix":1,"ks":{"a":0,"k":{"i":[[0,0],[0,0],[0,0]],"o":[[0,0],[0,0],[0,0]],"v":[[-35.475,7.727],[-52.383,-18.538],[52.383,18.538]],"c":true},"ix":2},"nm":"Path 1","mn":"ADBE Vector Shape - Group","hd":false},{"ty":"fl","c":{"a":0,"k":[0.982474293428,0.200512470919,0.223680772968,1],"ix":4},"o":{"a":0,"k":100,"ix":5},"r":1,"bm":0,"nm":"Fill 1","mn":"ADBE Vector Graphic - Fill","hd":false},{"ty":"tr","p":{"a":0,"k":[52.632,18.788],"ix":2},"a":{"a":0,"k":[0,0],"ix":1},"s":{"a":0,"k":[100,100],"ix":3},"r":{"a":0,"k":0,"ix":6},"o":{"a":0,"k":100,"ix":7},"sk":{"a":0,"k":0,"ix":4},"sa":{"a":0,"k":0,"ix":5},"nm":"Transform"}],"nm":"Group 4","np":2,"cix":2,"bm":0,"ix":4,"mn":"ADBE Vector Group","hd":false}],"ip":0,"op":178.000007250089,"st":0,"bm":0},{"ddd":0,"ind":8,"ty":4,"nm":"button","parent":1,"sr":1,"ks":{"o":{"a":0,"k":100,"ix":11},"r":{"a":0,"k":0,"ix":10},"p":{"a":0,"k":[0,0,0],"ix":2},"a":{"a":0,"k":[347.024,79.282,0],"ix":1},"s":{"a":0,"k":[100,100,100],"ix":6}},"ao":0,"shapes":[{"ty":"gr","it":[{"ind":0,"ty":"sh","ix":1,"ks":{"a":0,"k":{"i":[[12.144,0],[0,0],[0,12.143],[0,0],[-12.144,0],[0,0],[0,-12.144],[0,0]],"o":[[0,0],[-12.144,0],[0,0],[0,-12.144],[0,0],[12.144,0],[0,0],[0,12.143]],"v":[[324.786,79.032],[-324.786,79.032],[-346.775,57.044],[-346.775,-57.044],[-324.786,-79.032],[324.786,-79.032],[346.774,-57.044],[346.774,57.044]],"c":true},"ix":2},"nm":"Path 1","mn":"ADBE Vector Shape - Group","hd":false},{"ty":"fl","c":{"a":0,"k":[0.949019667682,0.807843197093,0.819607902976,1],"ix":4},"o":{"a":0,"k":100,"ix":5},"r":1,"bm":0,"nm":"Fill 1","mn":"ADBE Vector Graphic - Fill","hd":false},{"ty":"tr","p":{"a":0,"k":[347.024,79.282],"ix":2},"a":{"a":0,"k":[0,0],"ix":1},"s":{"a":0,"k":[100,100],"ix":3},"r":{"a":0,"k":0,"ix":6},"o":{"a":0,"k":100,"ix":7},"sk":{"a":0,"k":0,"ix":4},"sa":{"a":0,"k":0,"ix":5},"nm":"Transform"}],"nm":"Group 1","np":2,"cix":2,"bm":0,"ix":1,"mn":"ADBE Vector Group","hd":false}],"ip":0,"op":178.000007250089,"st":0,"bm":0}],"markers":[],"chars":[{"ch":"G","size":65.2300033569336,"style":"SemiBold","w":76.8,"data":{"shapes":[{"ty":"gr","it":[{"ind":0,"ty":"sh","ix":1,"ks":{"a":0,"k":{"i":[[15.71,0],[0,-21.048],[-20.444,0],[-2.82,14.301],[0,0],[0,0],[0,0],[0,0],[10.876,0],[0,14.301],[-12.589,0],[-3.223,-5.942],[0,0]],"o":[[-20.343,0],[0,21.048],[18.732,0],[0,0],[0,0],[0,0],[0,0],[-2.115,9.97],[-13.092,0],[0,-13.998],[7.452,0],[0,0],[-4.532,-14.099]],"v":[[39.377,-71.201],[3.525,-35.248],[39.478,0.604],[73.819,-26.788],[73.819,-39.075],[35.751,-39.075],[35.751,-28.299],[59.921,-28.299],[39.981,-12.085],[18.027,-35.248],[39.377,-58.209],[55.893,-49.146],[72.107,-49.146]],"c":true},"ix":2},"nm":"G","mn":"ADBE Vector Shape - Group","hd":false}],"nm":"G","np":3,"cix":2,"bm":0,"ix":1,"mn":"ADBE Vector Group","hd":false}]},"fFamily":"Poppins"},{"ch":"e","size":65.2300033569336,"style":"SemiBold","w":61.7,"data":{"shapes":[{"ty":"gr","it":[{"ind":0,"ty":"sh","ix":1,"ks":{"a":0,"k":{"i":[[-6.747,0],[-0.201,-7.352],[0,0]],"o":[[7.251,0],[0,0],[1.108,-7.654]],"v":[[30.917,-45.117],[44.211,-33.133],[17.725,-33.133]],"c":true},"ix":2},"nm":"e","mn":"ADBE Vector Shape - Group","hd":false},{"ind":1,"ty":"sh","ix":2,"ks":{"a":0,"k":{"i":[[-3.021,10.272],[0,0],[6.042,0],[0.705,8.258],[0,0],[0,1.813],[16.113,0],[0,-17.624],[-16.214,0]],"o":[[0,0],[-1.813,3.726],[-7.05,0],[0,0],[0.302,-1.813],[0,-16.617],[-16.516,0],[0,17.523],[13.797,0]],"v":[[57.404,-17.523],[42.197,-17.523],[31.018,-10.776],[17.624,-23.666],[58.411,-23.666],[58.813,-29.105],[31.32,-56.699],[3.323,-27.896],[31.32,0.906]],"c":true},"ix":2},"nm":"e","mn":"ADBE Vector Shape - Group","hd":false}],"nm":"e","np":5,"cix":2,"bm":0,"ix":1,"mn":"ADBE Vector Group","hd":false}]},"fFamily":"Poppins"},{"ch":"t","size":65.2300033569336,"style":"SemiBold","w":38.8,"data":{"shapes":[{"ty":"gr","it":[{"ind":0,"ty":"sh","ix":1,"ks":{"a":0,"k":{"i":[[0,0],[-10.675,0],[0,0],[0,0],[0,0],[0,3.726],[0,0],[0,0],[0,0],[0,0],[0,0],[0,0],[0,0],[0,0],[0,0],[0,0]],"o":[[0,12.79],[0,0],[0,0],[0,0],[-4.431,0],[0,0],[0,0],[0,0],[0,0],[0,0],[0,0],[0,0],[0,0],[0,0],[0,0],[0,0]],"v":[[9.164,-17.322],[26.99,0],[35.852,0],[35.852,-11.884],[29.306,-11.884],[23.364,-17.221],[23.364,-44.211],[35.852,-44.211],[35.852,-55.792],[23.364,-55.792],[23.364,-69.589],[9.164,-69.589],[9.164,-55.792],[2.518,-55.792],[2.518,-44.211],[9.164,-44.211]],"c":true},"ix":2},"nm":"t","mn":"ADBE Vector Shape - Group","hd":false}],"nm":"t","np":3,"cix":2,"bm":0,"ix":1,"mn":"ADBE Vector Group","hd":false}]},"fFamily":"Poppins"},{"ch":" ","size":65.2300033569336,"style":"SemiBold","w":23.8,"data":{},"fFamily":"Poppins"},{"ch":"i","size":65.2300033569336,"style":"SemiBold","w":27.8,"data":{"shapes":[{"ty":"gr","it":[{"ind":0,"ty":"sh","ix":1,"ks":{"a":0,"k":{"i":[[0,0],[0,0],[0,0],[0,0]],"o":[[0,0],[0,0],[0,0],[0,0]],"v":[[6.949,0],[21.048,0],[21.048,-55.792],[6.949,-55.792]],"c":true},"ix":2},"nm":"i","mn":"ADBE Vector Shape - Group","hd":false},{"ind":1,"ty":"sh","ix":2,"ks":{"a":0,"k":{"i":[[-5.035,0],[0,4.633],[4.935,0],[0,-4.633]],"o":[[4.935,0],[0,-4.633],[-5.035,0],[0,4.633]],"v":[[14.099,-62.439],[22.76,-70.697],[14.099,-78.955],[5.438,-70.697]],"c":true},"ix":2},"nm":"i","mn":"ADBE Vector Shape - Group","hd":false}],"nm":"i","np":5,"cix":2,"bm":0,"ix":1,"mn":"ADBE Vector Group","hd":false}]},"fFamily":"Poppins"},{"ch":"n","size":65.2300033569336,"style":"SemiBold","w":66.1,"data":{"shapes":[{"ty":"gr","it":[{"ind":0,"ty":"sh","ix":1,"ks":{"a":0,"k":{"i":[[0,0],[0,0],[0,0],[12.991,0],[3.625,-4.733],[0,0],[0,0],[0,0],[0,0],[0,0],[-7.654,0],[0,-8.963]],"o":[[0,0],[0,0],[0,-15.408],[-7.15,0],[0,0],[0,0],[0,0],[0,0],[0,0],[0,-8.963],[7.452,0],[0,0]],"v":[[46.024,0],[60.123,0],[60.123,-32.73],[37.866,-56.598],[21.048,-48.843],[21.048,-55.792],[6.949,-55.792],[6.949,0],[21.048,0],[21.048,-30.817],[33.636,-44.614],[46.024,-30.817]],"c":true},"ix":2},"nm":"n","mn":"ADBE Vector Shape - Group","hd":false}],"nm":"n","np":3,"cix":2,"bm":0,"ix":1,"mn":"ADBE Vector Group","hd":false}]},"fFamily":"Poppins"},{"ch":"o","size":65.2300033569336,"style":"SemiBold","w":63.8,"data":{"shapes":[{"ty":"gr","it":[{"ind":0,"ty":"sh","ix":1,"ks":{"a":0,"k":{"i":[[0,17.523],[16.113,0],[0,-17.624],[-16.113,0]],"o":[[0,-17.624],[-16.113,0],[0,17.523],[16.214,0]],"v":[[60.828,-27.896],[32.126,-56.699],[3.424,-27.896],[31.723,0.906]],"c":true},"ix":2},"nm":"o","mn":"ADBE Vector Shape - Group","hd":false},{"ind":1,"ty":"sh","ix":2,"ks":{"a":0,"k":{"i":[[0,11.078],[-7.452,0],[0,-11.179],[7.452,0]],"o":[[0,-11.179],[7.452,0],[0,11.078],[-7.553,0]],"v":[[17.725,-27.896],[31.924,-44.412],[46.326,-27.896],[31.723,-11.38]],"c":true},"ix":2},"nm":"o","mn":"ADBE Vector Shape - Group","hd":false}],"nm":"o","np":5,"cix":2,"bm":0,"ix":1,"mn":"ADBE Vector Group","hd":false}]},"fFamily":"Poppins"},{"ch":"u","size":65.2300033569336,"style":"SemiBold","w":66.1,"data":{"shapes":[{"ty":"gr","it":[{"ind":0,"ty":"sh","ix":1,"ks":{"a":0,"k":{"i":[[0,0],[0,0],[0,0],[7.654,0],[0,8.963],[0,0],[0,0],[0,0],[-12.991,0],[-3.525,4.733],[0,0],[0,0]],"o":[[0,0],[0,0],[0,8.963],[-7.452,0],[0,0],[0,0],[0,0],[0,15.308],[6.949,0],[0,0],[0,0],[0,0]],"v":[[59.619,-55.792],[45.419,-55.792],[45.419,-25.076],[32.932,-11.279],[20.544,-25.076],[20.544,-55.792],[6.445,-55.792],[6.445,-23.062],[28.802,0.705],[45.419,-7.05],[45.419,0],[59.619,0]],"c":true},"ix":2},"nm":"u","mn":"ADBE Vector Shape - Group","hd":false}],"nm":"u","np":3,"cix":2,"bm":0,"ix":1,"mn":"ADBE Vector Group","hd":false}]},"fFamily":"Poppins"},{"ch":"c","size":65.2300033569336,"style":"SemiBold","w":60.2,"data":{"shapes":[{"ty":"gr","it":[{"ind":0,"ty":"sh","ix":1,"ks":{"a":0,"k":{"i":[[0,-17.523],[-16.113,0],[-3.021,11.884],[0,0],[5.841,0],[0,10.876],[-7.855,0],[-1.611,-4.733],[0,0],[13.898,0]],"o":[[0,17.523],[13.898,0],[0,0],[-1.712,5.035],[-7.855,0],[0,-10.876],[5.841,0],[0,0],[-3.021,-12.488],[-16.113,0]],"v":[[3.323,-27.896],[30.917,0.906],[57.202,-18.832],[41.995,-18.832],[30.817,-11.179],[17.725,-27.896],[30.817,-44.714],[41.995,-36.96],[57.202,-36.96],[30.917,-56.699]],"c":true},"ix":2},"nm":"c","mn":"ADBE Vector Shape - Group","hd":false}],"nm":"c","np":3,"cix":2,"bm":0,"ix":1,"mn":"ADBE Vector Group","hd":false}]},"fFamily":"Poppins"},{"ch":"h","size":65.2300033569336,"style":"SemiBold","w":66.1,"data":{"shapes":[{"ty":"gr","it":[{"ind":0,"ty":"sh","ix":1,"ks":{"a":0,"k":{"i":[[0,0],[0,0],[0,0],[-7.654,0],[0,-8.963],[0,0],[0,0],[0,0],[12.589,0],[3.625,-4.733],[0,0],[0,0]],"o":[[0,0],[0,0],[0,-8.963],[7.452,0],[0,0],[0,0],[0,0],[0,-15.408],[-7.452,0],[0,0],[0,0],[0,0]],"v":[[6.949,0],[21.048,0],[21.048,-30.817],[33.636,-44.614],[46.024,-30.817],[46.024,0],[60.123,0],[60.123,-32.73],[38.37,-56.598],[21.048,-48.843],[21.048,-74.524],[6.949,-74.524]],"c":true},"ix":2},"nm":"h","mn":"ADBE Vector Shape - Group","hd":false}],"nm":"h","np":3,"cix":2,"bm":0,"ix":1,"mn":"ADBE Vector Group","hd":false}]},"fFamily":"Poppins"},{"ch":"L","size":65.2300033569336,"style":"SemiBold","w":45.9,"data":{"shapes":[{"ty":"gr","it":[{"ind":0,"ty":"sh","ix":1,"ks":{"a":0,"k":{"i":[[0,0],[0,0],[0,0],[0,0],[0,0],[0,0]],"o":[[0,0],[0,0],[0,0],[0,0],[0,0],[0,0]],"v":[[6.949,-70.294],[6.949,0],[44.211,0],[44.211,-11.179],[21.048,-11.179],[21.048,-70.294]],"c":true},"ix":2},"nm":"L","mn":"ADBE Vector Shape - Group","hd":false}],"nm":"L","np":3,"cix":2,"bm":0,"ix":1,"mn":"ADBE Vector Group","hd":false}]},"fFamily":"Poppins"},{"ch":"Ã¢ÂÂ","size":65.2300033569336,"style":"SemiBold","w":27.5,"data":{"shapes":[{"ty":"gr","it":[{"ind":0,"ty":"sh","ix":1,"ks":{"a":0,"k":{"i":[[0,0],[0,0],[0,0],[0,0]],"o":[[0,0],[0,0],[0,0],[0,0]],"v":[[13.696,-44.916],[24.573,-70.294],[9.769,-70.294],[4.028,-44.916]],"c":true},"ix":2},"nm":"Ã¢ÂÂ","mn":"ADBE Vector Shape - Group","hd":false}],"nm":"Ã¢ÂÂ","np":3,"cix":2,"bm":0,"ix":1,"mn":"ADBE Vector Group","hd":false}]},"fFamily":"Poppins"},{"ch":"s","size":65.2300033569336,"style":"SemiBold","w":54.5,"data":{"shapes":[{"ty":"gr","it":[{"ind":0,"ty":"sh","ix":1,"ks":{"a":0,"k":{"i":[[0,9.567],[0,10.172],[-5.237,0],[-0.403,-4.33],[0,0],[13.495,0],[0,-9.265],[0,-9.97],[5.539,0],[0.504,4.23],[0,0],[-13.998,0]],"o":[[-0.403,-20.444],[0,-3.223],[5.539,0],[0,0],[-0.806,-11.078],[-13.797,0],[0,20.444],[0,3.223],[-5.64,0],[0,0],[0.604,10.373],[13.596,0]],"v":[[50.253,-15.912],[18.933,-40.182],[26.889,-45.52],[36.255,-38.269],[49.75,-38.269],[27.292,-56.699],[5.237,-39.981],[36.758,-15.912],[28.198,-10.172],[18.127,-17.624],[3.928,-17.624],[28.299,0.906]],"c":true},"ix":2},"nm":"s","mn":"ADBE Vector Shape - Group","hd":false}],"nm":"s","np":3,"cix":2,"bm":0,"ix":1,"mn":"ADBE Vector Group","hd":false}]},"fFamily":"Poppins"},{"ch":"g","size":65.2300033569336,"style":"SemiBold","w":67.8,"data":{"shapes":[{"ty":"gr","it":[{"ind":0,"ty":"sh","ix":1,"ks":{"a":0,"k":{"i":[[0,-17.422],[-14.2,0],[-3.323,4.834],[0,0],[7.755,0],[1.41,5.035],[0,0],[-15.71,0],[0,15.106],[0,0],[0,0],[0,0],[8.762,0]],"o":[[0,17.422],[8.762,0],[0,0],[0,10.373],[-7.05,0],[0,0],[1.41,12.79],[18.329,0],[0,0],[0,0],[0,0],[-3.323,-4.834],[-14.2,0]],"v":[[3.323,-28.098],[28.802,0.906],[47.232,-8.258],[47.232,0.403],[33.435,15.207],[19.739,6.848],[5.74,6.848],[33.838,27.493],[61.432,0.403],[61.432,-55.792],[47.232,-55.792],[47.232,-47.836],[28.802,-56.699]],"c":true},"ix":2},"nm":"g","mn":"ADBE Vector Shape - Group","hd":false},{"ind":1,"ty":"sh","ix":2,"ks":{"a":0,"k":{"i":[[0,-10.574],[7.755,0],[0,10.574],[-7.553,0]],"o":[[0,10.574],[-7.553,0],[0,-10.574],[7.755,0]],"v":[[47.232,-27.896],[32.428,-11.481],[17.725,-28.098],[32.428,-44.312]],"c":true},"ix":2},"nm":"g","mn":"ADBE Vector Shape - Group","hd":false}],"nm":"g","np":5,"cix":2,"bm":0,"ix":1,"mn":"ADBE Vector Group","hd":false}]},"fFamily":"Poppins"},{"ch":"!","size":65.2300033569336,"style":"SemiBold","w":35.4,"data":{"shapes":[{"ty":"gr","it":[{"ind":0,"ty":"sh","ix":1,"ks":{"a":0,"k":{"i":[[0,0],[0,0],[0,0],[0,0]],"o":[[0,0],[0,0],[0,0],[0,0]],"v":[[11.682,-22.861],[23.566,-22.861],[25.177,-71.503],[9.97,-71.503]],"c":true},"ix":2},"nm":"!","mn":"ADBE Vector Shape - Group","hd":false},{"ind":1,"ty":"sh","ix":2,"ks":{"a":0,"k":{"i":[[0,4.633],[4.935,0],[0,-4.633],[-5.136,0]],"o":[[0,-4.633],[-5.136,0],[0,4.633],[4.935,0]],"v":[[26.486,-7.553],[17.926,-15.811],[9.164,-7.553],[17.926,0.705]],"c":true},"ix":2},"nm":"!","mn":"ADBE Vector Shape - Group","hd":false}],"nm":"!","np":5,"cix":2,"bm":0,"ix":1,"mn":"ADBE Vector Group","hd":false}]},"fFamily":"Poppins"}]}