{"nm":"","v":"5.5.2","ip":0,"op":80,"fr":30,"w":250,"h":100,"assets":[],"layers":[{"ty":3,"st":0,"ip":0,"op":80,"w":250,"h":100,"ks":{"ty":"tr"},"ind":0,"sr":1},{"ty":3,"st":0,"ip":0,"op":80,"w":250,"h":100,"ks":{"ty":"tr","a":{"a":1,"k":[{"t":0,"s":[125,50],"h":1},{"t":79,"s":[125,50],"h":1}]},"p":{"a":1,"k":[{"t":0,"s":[125,50],"h":1},{"t":79,"s":[125,50],"h":1}]}},"ind":1,"sr":1,"parent":0},{"ty":3,"st":0,"ip":0,"op":80,"w":250,"h":100,"ks":{"ty":"tr","p":{"a":1,"k":[{"t":0,"s":[125,50],"h":1},{"t":79,"s":[125,50],"h":1}]}},"ind":2,"sr":1,"parent":1},{"ty":3,"st":0,"ip":0,"op":80,"w":250,"h":100,"ks":{"ty":"tr"},"ind":3,"sr":1,"parent":2},{"ty":3,"st":0,"ip":0,"op":80,"w":250,"h":100,"ks":{"ty":"tr"},"ind":4,"sr":1,"parent":2},{"ty":3,"st":0,"ip":0,"op":80,"w":250,"h":100,"ks":{"ty":"tr","a":{"a":1,"k":[{"t":0,"s":[0,0],"h":1},{"t":27,"s":[87.6,5.8],"h":1},{"t":79,"s":[87.6,5.8],"h":1}]},"p":{"a":1,"k":[{"t":0,"s":[0,0],"h":1},{"t":27,"s":[87.6,5.8],"h":1},{"t":79,"s":[87.6,5.8],"h":1}]},"s":{"a":1,"k":[{"t":0,"s":[100,100],"h":1},{"t":27,"s":[10.9,10.9],"h":1},{"t":28,"s":[35.4,35.4],"h":1},{"t":29,"s":[62.3,62.3],"h":1},{"t":30,"s":[86.7,86.7],"h":1},{"t":31,"s":[104.3,104.3],"h":1},{"t":32,"s":[113.2,113.2],"h":1},{"t":33,"s":[110.6,110.6],"h":1},{"t":34,"s":[104.4,104.4],"h":1},{"t":35,"s":[92.4,92.4],"h":1},{"t":36,"s":[80.2,80.2],"h":1},{"t":37,"s":[68.3,68.3],"h":1},{"t":38,"s":[63.3,63.3],"h":1},{"t":39,"s":[65.4,65.4],"h":1},{"t":40,"s":[71,71],"h":1},{"t":41,"s":[82.4,82.4],"h":1},{"t":42,"s":[93.5,93.5],"h":1},{"t":43,"s":[100.8,100.8],"h":1},{"t":44,"s":[107.1,107.1],"h":1},{"t":45,"s":[107.2,107.2],"h":1},{"t":46,"s":[102.5,102.5],"h":1},{"t":47,"s":[96.9,96.9],"h":1},{"t":48,"s":[89.5,89.5],"h":1},{"t":49,"s":[84.3,84.3],"h":1},{"t":50,"s":[80.6,80.6],"h":1},{"t":51,"s":[81.7,81.7],"h":1},{"t":52,"s":[85.8,85.8],"h":1},{"t":53,"s":[90.9,90.9],"h":1},{"t":54,"s":[96.4,96.4],"h":1},{"t":55,"s":[101,101],"h":1},{"t":56,"s":[103.6,103.6],"h":1},{"t":57,"s":[103,103],"h":1},{"t":58,"s":[101.5,101.5],"h":1},{"t":59,"s":[98.9,98.9],"h":1},{"t":60,"s":[95.8,95.8],"h":1},{"t":61,"s":[92.6,92.6],"h":1},{"t":62,"s":[91.2,91.2],"h":1},{"t":63,"s":[92.3,92.3],"h":1},{"t":64,"s":[93.8,93.8],"h":1},{"t":65,"s":[95.9,95.9],"h":1},{"t":66,"s":[98,98],"h":1},{"t":67,"s":[100,100],"h":1},{"t":68,"s":[101,101],"h":1},{"t":70,"s":[100.9,100.9],"h":1},{"t":71,"s":[99.9,99.9],"h":1},{"t":72,"s":[99.2,99.2],"h":1},{"t":73,"s":[99.1,99.1],"h":1},{"t":74,"s":[99.6,99.6],"h":1},{"t":75,"s":[100,100],"h":1},{"t":79,"s":[100,100],"h":1}]}},"ind":5,"sr":1,"parent":4},{"ty":3,"st":0,"ip":0,"op":80,"w":250,"h":100,"ks":{"ty":"tr","p":{"a":1,"k":[{"t":0,"s":[-110,-25.2],"h":1},{"t":79,"s":[-110,-25.2],"h":1}]}},"ind":6,"sr":1,"parent":5},{"ddd":0,"ty":4,"st":0,"ip":0,"op":80,"w":250,"h":100,"ks":{"ty":"tr","o":{"a":1,"k":[{"t":0,"s":[0],"h":1},{"t":27,"s":[9.3],"h":1},{"t":28,"s":[30.1],"h":1},{"t":29,"s":[51.7],"h":1},{"t":30,"s":[72.5],"h":1},{"t":31,"s":[93.2],"h":1},{"t":32,"s":[100],"h":1},{"t":79,"s":[100],"h":1}]}},"shapes":[{"ty":"sh","ks":{"a":1,"k":[{"t":0,"s":[{"c":false,"v":[[0,0]],"i":[[0,0]],"o":[[0,0]]}],"h":1},{"t":79,"s":[{"c":false,"v":[[0,0]],"i":[[0,0]],"o":[[0,0]]}],"h":1}]}},{"ty":"sh","ks":{"a":1,"k":[{"t":0,"s":[{"c":false,"v":[[173.6,13.8],[173.6,12.3],[192.9,12.3],[192.9,19.7],[196.8,13.8],[204.8,11.5],[204.8,11.5],[217.2,24.9],[217.2,24.9],[217.2,49],[221.7,49],[221.7,50.4],[199,50.4],[199,49],[202.3,49],[202.3,23],[201.7,16.8],[199.4,15.4],[199.4,15.4],[194.8,18.7],[192.9,26.9],[192.9,26.9],[192.9,49],[196.3,49],[196.3,50.4],[173.6,50.4],[173.6,49],[178,49],[178,13.8],[173.6,13.8]],"i":[[0,0],[0,0],[0,0],[0,0],[-1.8,1.5],[-3.6,0],[0,0],[0,-8.9],[0,0],[0,0],[0,0],[0,0],[0,0],[0,0],[0,0],[0,0],[0.4,0.9],[1.1,0],[0,0],[1.3,-2.2],[0,-3.2],[0,0],[0,0],[0,0],[0,0],[0,0],[0,0],[0,0],[0,0],[0,0]],"o":[[0,0],[0,0],[0,0],[0.9,-2.5],[1.8,-1.5],[0,0],[8.3,0],[0,0],[0,0],[0,0],[0,0],[0,0],[0,0],[0,0],[0,0],[0,-3.2],[-0.4,-0.9],[0,0],[-1.7,0],[-1.3,2.2],[0,0],[0,0],[0,0],[0,0],[0,0],[0,0],[0,0],[0,0],[0,0],[4.4,-27.5]]}],"h":1},{"t":79,"s":[{"c":false,"v":[[173.6,13.8],[173.6,12.3],[192.9,12.3],[192.9,19.7],[196.8,13.8],[204.8,11.5],[204.8,11.5],[217.2,24.9],[217.2,24.9],[217.2,49],[221.7,49],[221.7,50.4],[199,50.4],[199,49],[202.3,49],[202.3,23],[201.7,16.8],[199.4,15.4],[199.4,15.4],[194.8,18.7],[192.9,26.9],[192.9,26.9],[192.9,49],[196.3,49],[196.3,50.4],[173.6,50.4],[173.6,49],[178,49],[178,13.8],[173.6,13.8]],"i":[[0,0],[0,0],[0,0],[0,0],[-1.8,1.5],[-3.6,0],[0,0],[0,-8.9],[0,0],[0,0],[0,0],[0,0],[0,0],[0,0],[0,0],[0,0],[0.4,0.9],[1.1,0],[0,0],[1.3,-2.2],[0,-3.2],[0,0],[0,0],[0,0],[0,0],[0,0],[0,0],[0,0],[0,0],[0,0]],"o":[[0,0],[0,0],[0,0],[0.9,-2.5],[1.8,-1.5],[0,0],[8.3,0],[0,0],[0,0],[0,0],[0,0],[0,0],[0,0],[0,0],[0,0],[0,-3.2],[-0.4,-0.9],[0,0],[-1.7,0],[-1.3,2.2],[0,0],[0,0],[0,0],[0,0],[0,0],[0,0],[0,0],[0,0],[0,0],[4.4,-27.5]]}],"h":1}]}},{"ty":"fl","r":1,"o":{"a":1,"k":[{"t":0,"s":[100],"h":1,"o":{"x":[0],"y":[0]},"i":{"x":[1],"y":[1]}},{"t":79,"s":[100],"h":1}]},"c":{"a":1,"k":[{"t":0,"s":[0.3,0.3,0.3],"h":1,"o":{"x":[0],"y":[0]},"i":{"x":[1],"y":[1]}},{"t":79,"s":[0.3,0.3,0.3],"h":1}]}}],"ind":7,"sr":1,"parent":6},{"ty":3,"st":0,"ip":0,"op":80,"w":250,"h":100,"ks":{"ty":"tr","a":{"a":1,"k":[{"t":0,"s":[0,0],"h":1},{"t":22,"s":[49.8,6.2],"h":1},{"t":79,"s":[49.8,6.2],"h":1}]},"p":{"a":1,"k":[{"t":0,"s":[0,0],"h":1},{"t":22,"s":[49.8,6.2],"h":1},{"t":79,"s":[49.8,6.2],"h":1}]},"s":{"a":1,"k":[{"t":0,"s":[100,100],"h":1},{"t":22,"s":[17.5,17.5],"h":1},{"t":23,"s":[43.5,43.5],"h":1},{"t":24,"s":[70.4,70.4],"h":1},{"t":25,"s":[93.6,93.6],"h":1},{"t":26,"s":[108.7,108.7],"h":1},{"t":27,"s":[114.9,114.9],"h":1},{"t":28,"s":[108.7,108.7],"h":1},{"t":29,"s":[101.9,101.9],"h":1},{"t":30,"s":[88.6,88.6],"h":1},{"t":31,"s":[76.6,76.6],"h":1},{"t":32,"s":[66.2,66.2],"h":1},{"t":33,"s":[63.6,63.6],"h":1},{"t":34,"s":[66.2,66.2],"h":1},{"t":35,"s":[74.7,74.7],"h":1},{"t":36,"s":[85.9,85.9],"h":1},{"t":37,"s":[95.7,95.7],"h":1},{"t":38,"s":[103,103],"h":1},{"t":39,"s":[107.5,107.5],"h":1},{"t":40,"s":[105.8,105.8],"h":1},{"t":41,"s":[101.1,101.1],"h":1},{"t":42,"s":[94.4,94.4],"h":1},{"t":43,"s":[87.9,87.9],"h":1},{"t":44,"s":[82.7,82.7],"h":1},{"t":45,"s":[80.3,80.3],"h":1},{"t":46,"s":[82.9,82.9],"h":1},{"t":47,"s":[87.1,87.1],"h":1},{"t":48,"s":[92.8,92.8],"h":1},{"t":49,"s":[97.8,97.8],"h":1},{"t":50,"s":[102.4,102.4],"h":1},{"t":51,"s":[103.9,103.9],"h":1},{"t":52,"s":[102.6,102.6],"h":1},{"t":53,"s":[101,101],"h":1},{"t":54,"s":[97.9,97.9],"h":1},{"t":55,"s":[94.8,94.8],"h":1},{"t":56,"s":[91.9,91.9],"h":1},{"t":57,"s":[91.2,91.2],"h":1},{"t":58,"s":[92.8,92.8],"h":1},{"t":59,"s":[94.4,94.4],"h":1},{"t":60,"s":[96.5,96.5],"h":1},{"t":61,"s":[98.6,98.6],"h":1},{"t":62,"s":[100.3,100.3],"h":1},{"t":63,"s":[101,101],"h":1},{"t":65,"s":[100.6,100.6],"h":1},{"t":66,"s":[99.6,99.6],"h":1},{"t":67,"s":[99.1,99.1],"h":1},{"t":68,"s":[99.3,99.3],"h":1},{"t":69,"s":[99.8,99.8],"h":1},{"t":70,"s":[100,100],"h":1},{"t":79,"s":[100,100],"h":1}]}},"ind":8,"sr":1,"parent":4},{"ty":3,"st":0,"ip":0,"op":80,"w":250,"h":100,"ks":{"ty":"tr","p":{"a":1,"k":[{"t":0,"s":[-110,-25.2],"h":1},{"t":79,"s":[-110,-25.2],"h":1}]}},"ind":9,"sr":1,"parent":8},{"ddd":0,"ty":4,"st":0,"ip":0,"op":80,"w":250,"h":100,"ks":{"ty":"tr","o":{"a":1,"k":[{"t":0,"s":[0],"h":1},{"t":22,"s":[14.9],"h":1},{"t":23,"s":[37],"h":1},{"t":24,"s":[58],"h":1},{"t":25,"s":[78.8],"h":1},{"t":26,"s":[99.5],"h":1},{"t":27,"s":[100],"h":1},{"t":79,"s":[100],"h":1}]}},"shapes":[{"ty":"sh","ks":{"a":1,"k":[{"t":0,"s":[{"c":false,"v":[[0,0]],"i":[[0,0]],"o":[[0,0]]}],"h":1},{"t":79,"s":[{"c":false,"v":[[0,0]],"i":[[0,0]],"o":[[0,0]]}],"h":1}]}},{"ty":"sh","ks":{"a":1,"k":[{"t":0,"s":[{"c":false,"v":[[147.8,13.8],[147.8,12.3],[167.4,12.3],[167.4,49],[171.8,49],[171.8,50.4],[148.1,50.4],[148.1,49],[152.5,49],[152.5,13.8],[147.8,13.8]],"i":[[0,0],[0,0],[0,0],[0,0],[0,0],[0,0],[0,0],[0,0],[0,0],[0,0],[0,0]],"o":[[0,0],[0,0],[0,0],[0,0],[0,0],[0,0],[0,0],[0,0],[0,0],[0,0],[4.7,-27.5]]}],"h":1},{"t":79,"s":[{"c":false,"v":[[147.8,13.8],[147.8,12.3],[167.4,12.3],[167.4,49],[171.8,49],[171.8,50.4],[148.1,50.4],[148.1,49],[152.5,49],[152.5,13.8],[147.8,13.8]],"i":[[0,0],[0,0],[0,0],[0,0],[0,0],[0,0],[0,0],[0,0],[0,0],[0,0],[0,0]],"o":[[0,0],[0,0],[0,0],[0,0],[0,0],[0,0],[0,0],[0,0],[0,0],[0,0],[4.7,-27.5]]}],"h":1}]}},{"ty":"fl","r":1,"o":{"a":1,"k":[{"t":0,"s":[100],"h":1,"o":{"x":[0],"y":[0]},"i":{"x":[1],"y":[1]}},{"t":79,"s":[100],"h":1}]},"c":{"a":1,"k":[{"t":0,"s":[0,0.1,0.4],"h":1,"o":{"x":[0],"y":[0]},"i":{"x":[1],"y":[1]}},{"t":79,"s":[0,0.1,0.4],"h":1}]}}],"ind":10,"sr":1,"parent":9},{"ty":3,"st":0,"ip":0,"op":80,"w":250,"h":100,"ks":{"ty":"tr","a":{"a":1,"k":[{"t":0,"s":[0,0],"h":1},{"t":16,"s":[50,-25.8],"h":1},{"t":79,"s":[50,-25.8],"h":1}]},"p":{"a":1,"k":[{"t":0,"s":[0,0],"h":1},{"t":16,"s":[50,-25.8],"h":1},{"t":79,"s":[50,-25.8],"h":1}]},"s":{"a":1,"k":[{"t":0,"s":[100,100],"h":1},{"t":16,"s":[2.1,2.1],"h":1},{"t":17,"s":[24.7,24.7],"h":1},{"t":18,"s":[51.6,51.6],"h":1},{"t":19,"s":[77.7,77.7],"h":1},{"t":20,"s":[98.5,98.5],"h":1},{"t":21,"s":[110.7,110.7],"h":1},{"t":22,"s":[113.1,113.1],"h":1},{"t":23,"s":[106.8,106.8],"h":1},{"t":24,"s":[97.8,97.8],"h":1},{"t":25,"s":[85,85],"h":1},{"t":26,"s":[73,73],"h":1},{"t":27,"s":[65,65],"h":1},{"t":28,"s":[64.4,64.4],"h":1},{"t":29,"s":[67.2,67.2],"h":1},{"t":30,"s":[78.1,78.1],"h":1},{"t":31,"s":[89.3,89.3],"h":1},{"t":32,"s":[97.9,97.9],"h":1},{"t":33,"s":[105.2,105.2],"h":1},{"t":34,"s":[107.8,107.8],"h":1},{"t":35,"s":[104.3,104.3],"h":1},{"t":36,"s":[99.7,99.7],"h":1},{"t":37,"s":[91.9,91.9],"h":1},{"t":38,"s":[86.4,86.4],"h":1},{"t":39,"s":[81.2,81.2],"h":1},{"t":40,"s":[80,80],"h":1},{"t":41,"s":[84.2,84.2],"h":1},{"t":42,"s":[88.4,88.4],"h":1},{"t":43,"s":[94.5,94.5],"h":1},{"t":44,"s":[99.2,99.2],"h":1},{"t":45,"s":[103.2,103.2],"h":1},{"t":46,"s":[103.7,103.7],"h":1},{"t":47,"s":[102.1,102.1],"h":1},{"t":48,"s":[100.1,100.1],"h":1},{"t":49,"s":[97,97],"h":1},{"t":50,"s":[93.9,93.9],"h":1},{"t":51,"s":[91.6,91.6],"h":1},{"t":52,"s":[91.7,91.7],"h":1},{"t":53,"s":[93.2,93.2],"h":1},{"t":54,"s":[95,95],"h":1},{"t":55,"s":[97.1,97.1],"h":1},{"t":56,"s":[99.2,99.2],"h":1},{"t":57,"s":[100.6,100.6],"h":1},{"t":58,"s":[101,101],"h":1},{"t":60,"s":[100.3,100.3],"h":1},{"t":61,"s":[99.3,99.3],"h":1},{"t":62,"s":[99,99],"h":1},{"t":63,"s":[99.4,99.4],"h":1},{"t":64,"s":[100,100],"h":1},{"t":65,"s":[100,100],"h":1},{"t":79,"s":[100,100],"h":1}]}},"ind":11,"sr":1,"parent":4},{"ty":3,"st":0,"ip":0,"op":80,"w":250,"h":100,"ks":{"ty":"tr","p":{"a":1,"k":[{"t":0,"s":[-110,-25.2],"h":1},{"t":79,"s":[-110,-25.2],"h":1}]}},"ind":12,"sr":1,"parent":11},{"ddd":0,"ty":4,"st":0,"ip":0,"op":80,"w":250,"h":100,"ks":{"ty":"tr","o":{"a":1,"k":[{"t":0,"s":[0],"h":1},{"t":16,"s":[1.8],"h":1},{"t":17,"s":[21],"h":1},{"t":18,"s":[43.5],"h":1},{"t":19,"s":[64.3],"h":1},{"t":20,"s":[85],"h":1},{"t":21,"s":[100],"h":1},{"t":79,"s":[100],"h":1}]}},"shapes":[{"ty":"sh","ks":{"a":1,"k":[{"t":0,"s":[{"c":false,"v":[[0,0]],"i":[[0,0]],"o":[[0,0]]}],"h":1},{"t":79,"s":[{"c":false,"v":[[0,0]],"i":[[0,0]],"o":[[0,0]]}],"h":1}]}},{"ty":"sh","ks":{"a":1,"k":[{"t":0,"s":[{"c":false,"v":[[159.8,6.8],[153.8,4.6],[152,-0.7],[154,-6],[159.9,-8.1],[166,-6.2],[168.1,-0.8],[166.1,4.7],[159.8,6.8]],"i":[[0,0],[1.2,1.4],[0,2.1],[-1.3,1.4],[-2.7,0],[-1.4,-1.3],[0,-2.3],[1.3,-1.4],[2.8,0]],"o":[[-2.8,0],[-1.2,-1.4],[0,-2.1],[1.3,-1.4],[2.7,0],[1.4,1.3],[0,2.3],[-1.3,1.4],[4.9,-12.9]]}],"h":1},{"t":79,"s":[{"c":false,"v":[[159.8,6.8],[153.8,4.6],[152,-0.7],[154,-6],[159.9,-8.1],[166,-6.2],[168.1,-0.8],[166.1,4.7],[159.8,6.8]],"i":[[0,0],[1.2,1.4],[0,2.1],[-1.3,1.4],[-2.7,0],[-1.4,-1.3],[0,-2.3],[1.3,-1.4],[2.8,0]],"o":[[-2.8,0],[-1.2,-1.4],[0,-2.1],[1.3,-1.4],[2.7,0],[1.4,1.3],[0,2.3],[-1.3,1.4],[4.9,-12.9]]}],"h":1}]}},{"ty":"fl","r":1,"o":{"a":1,"k":[{"t":0,"s":[100],"h":1,"o":{"x":[0],"y":[0]},"i":{"x":[1],"y":[1]}},{"t":79,"s":[100],"h":1}]},"c":{"a":1,"k":[{"t":0,"s":[0.3,0.3,0.3],"h":1,"o":{"x":[0],"y":[0]},"i":{"x":[1],"y":[1]}},{"t":79,"s":[0.3,0.3,0.3],"h":1}]}}],"ind":13,"sr":1,"parent":12},{"ty":3,"st":0,"ip":0,"op":80,"w":250,"h":100,"ks":{"ty":"tr","a":{"a":1,"k":[{"t":0,"s":[0,0],"h":1},{"t":11,"s":[2,10.6],"h":1},{"t":79,"s":[2,10.6],"h":1}]},"p":{"a":1,"k":[{"t":0,"s":[0,0],"h":1},{"t":11,"s":[2,10.6],"h":1},{"t":79,"s":[2,10.6],"h":1}]},"s":{"a":1,"k":[{"t":0,"s":[100,100],"h":1},{"t":11,"s":[8.8,8.8],"h":1},{"t":12,"s":[32.8,32.8],"h":1},{"t":13,"s":[59.7,59.7],"h":1},{"t":14,"s":[84.5,84.5],"h":1},{"t":15,"s":[102.9,102.9],"h":1},{"t":16,"s":[112.6,112.6],"h":1},{"t":17,"s":[111.2,111.2],"h":1},{"t":18,"s":[105,105],"h":1},{"t":19,"s":[93.7,93.7],"h":1},{"t":20,"s":[81.4,81.4],"h":1},{"t":21,"s":[69.4,69.4],"h":1},{"t":22,"s":[63.7,63.7],"h":1},{"t":23,"s":[65.1,65.1],"h":1},{"t":24,"s":[69.8,69.8],"h":1},{"t":25,"s":[81.4,81.4],"h":1},{"t":26,"s":[92.7,92.7],"h":1},{"t":27,"s":[100.1,100.1],"h":1},{"t":28,"s":[107,107],"h":1},{"t":29,"s":[107.6,107.6],"h":1},{"t":30,"s":[102.9,102.9],"h":1},{"t":31,"s":[97.7,97.7],"h":1},{"t":32,"s":[90,90],"h":1},{"t":33,"s":[84.8,84.8],"h":1},{"t":34,"s":[80.7,80.7],"h":1},{"t":35,"s":[81.3,81.3],"h":1},{"t":36,"s":[85.4,85.4],"h":1},{"t":37,"s":[90.3,90.3],"h":1},{"t":38,"s":[95.9,95.9],"h":1},{"t":39,"s":[100.6,100.6],"h":1},{"t":40,"s":[103.5,103.5],"h":1},{"t":41,"s":[103.2,103.2],"h":1},{"t":42,"s":[101.6,101.6],"h":1},{"t":43,"s":[99.2,99.2],"h":1},{"t":44,"s":[96,96],"h":1},{"t":45,"s":[92.9,92.9],"h":1},{"t":46,"s":[91.3,91.3],"h":1},{"t":47,"s":[92.1,92.1],"h":1},{"t":48,"s":[93.7,93.7],"h":1},{"t":49,"s":[95.7,95.7],"h":1},{"t":50,"s":[97.8,97.8],"h":1},{"t":51,"s":[99.8,99.8],"h":1},{"t":52,"s":[101,101],"h":1},{"t":53,"s":[101,101],"h":1},{"t":54,"s":[101,101],"h":1},{"t":55,"s":[100,100],"h":1},{"t":56,"s":[99.2,99.2],"h":1},{"t":57,"s":[99.1,99.1],"h":1},{"t":58,"s":[99.6,99.6],"h":1},{"t":59,"s":[100,100],"h":1},{"t":79,"s":[100,100],"h":1}]}},"ind":14,"sr":1,"parent":4},{"ty":3,"st":0,"ip":0,"op":80,"w":250,"h":100,"ks":{"ty":"tr","p":{"a":1,"k":[{"t":0,"s":[-110,-25.2],"h":1},{"t":79,"s":[-110,-25.2],"h":1}]}},"ind":15,"sr":1,"parent":14},{"ddd":0,"ty":4,"st":0,"ip":0,"op":80,"w":250,"h":100,"ks":{"ty":"tr","o":{"a":1,"k":[{"t":0,"s":[0],"h":1},{"t":11,"s":[7.5],"h":1},{"t":12,"s":[27.9],"h":1},{"t":13,"s":[49.7],"h":1},{"t":14,"s":[70.5],"h":1},{"t":15,"s":[91.2],"h":1},{"t":16,"s":[100],"h":1},{"t":79,"s":[100],"h":1}]}},"shapes":[{"ty":"sh","ks":{"a":1,"k":[{"t":0,"s":[{"c":false,"v":[[0,0]],"i":[[0,0]],"o":[[0,0]]}],"h":1},{"t":79,"s":[{"c":false,"v":[[0,0]],"i":[[0,0]],"o":[[0,0]]}],"h":1}]}},{"ty":"sh","ks":{"a":1,"k":[{"t":0,"s":[{"c":false,"v":[[124,8.2],[124,8.2],[126.2,6.8],[124.3,4.3],[124.3,4.3],[120.9,9.6],[120.9,9.6],[121.4,14.4],[121.4,14.4],[127.5,24.8],[123.1,34.7],[111.2,38.2],[111.2,38.2],[104.7,37.6],[104.7,37.6],[101.2,41],[106.3,42.1],[106.3,42.1],[114.5,42.1],[132.6,55.1],[132.6,55.1],[127.2,66.3],[110.1,70.4],[110.1,70.4],[90.3,61.8],[90.3,61.8],[96.5,55.4],[96.5,55.4],[101.3,57.6],[100.6,62],[100.6,62],[110.9,68.9],[110.9,68.9],[120.5,66.6],[123.8,60.8],[121.8,56.2],[113.7,55],[113.7,55],[105.9,55],[96.6,52.9],[93.8,47.6],[95.8,42.3],[103,37],[103,37],[93.7,24.9],[93.7,24.9],[98,15.2],[111,11.5],[111,11.5],[119.8,13.5],[119.8,13.5],[119.4,9.6],[119.4,9.6],[121.8,3.1],[127.1,1.1],[131.9,2.7],[133.7,7],[132.2,11],[128.8,12.3],[125.4,11.2],[124,8.2],[124,8.2]],"i":[[0,0],[0,0],[0,0],[1.6,0],[0,0],[0,-3.5],[0,0],[-0.4,-1.8],[0,0],[0,-4.2],[2.9,-2.3],[5,0],[0,0],[2.2,0.4],[0,0],[0,-0.7],[-3.4,0],[0,0],[0,0],[0,-8.7],[0,0],[3.7,-2.7],[7.7,0],[0,0],[0,5.7],[0,0],[-4.1,1.2],[0,0],[0,0],[0,-1.4],[0,0],[-6.8,0],[0,0],[-2.2,1.5],[0,2.3],[1.4,0.8],[4.1,0],[0,0],[0,0],[1.9,1.4],[0,2.1],[-1.3,1.4],[-3.4,2.1],[0,0],[0,6.3],[0,0],[-2.9,2.5],[-5.8,0],[0,0],[-2.5,-1.3],[0,0],[0,1.2],[0,0],[-1.6,1.3],[-2,0],[-1.2,-1],[0,-1.8],[1,-0.9],[1.4,0],[0.9,0.7],[0.1,1.3],[0,0]],"o":[[0,0],[0,0],[0.3,-1.7],[0,0],[-2.3,0],[0,0],[0,1.4],[0,0],[4.1,2.7],[0,4.2],[-2.9,2.3],[0,0],[-2.1,0],[0,0],[-2.3,1.5],[0,0.7],[0,0],[0,0],[12.1,0],[0,0],[0,4.7],[-3.7,2.7],[0,0],[-13.2,0],[0,0],[0,-3.1],[0,0],[0,0],[-0.4,1.5],[0,0],[0,4.6],[0,0],[4.2,0],[2.2,-1.5],[0,-2.3],[-1.4,-0.8],[0,0],[0,0],[-4.3,0],[-1.9,-1.4],[0,-2.1],[1.3,-1.4],[0,0],[-6.2,-1.8],[0,0],[0,-4],[2.9,-2.5],[0,0],[3.5,0],[0,0],[-0.3,-1.4],[0,0],[0,-3],[1.6,-1.3],[2,0],[1.2,1],[0,1.8],[-1,0.9],[-1.4,0],[-0.9,-0.7],[0,0],[0,-16.3]]}],"h":1},{"t":79,"s":[{"c":false,"v":[[124,8.2],[124,8.2],[126.2,6.8],[124.3,4.3],[124.3,4.3],[120.9,9.6],[120.9,9.6],[121.4,14.4],[121.4,14.4],[127.5,24.8],[123.1,34.7],[111.2,38.2],[111.2,38.2],[104.7,37.6],[104.7,37.6],[101.2,41],[106.3,42.1],[106.3,42.1],[114.5,42.1],[132.6,55.1],[132.6,55.1],[127.2,66.3],[110.1,70.4],[110.1,70.4],[90.3,61.8],[90.3,61.8],[96.5,55.4],[96.5,55.4],[101.3,57.6],[100.6,62],[100.6,62],[110.9,68.9],[110.9,68.9],[120.5,66.6],[123.8,60.8],[121.8,56.2],[113.7,55],[113.7,55],[105.9,55],[96.6,52.9],[93.8,47.6],[95.8,42.3],[103,37],[103,37],[93.7,24.9],[93.7,24.9],[98,15.2],[111,11.5],[111,11.5],[119.8,13.5],[119.8,13.5],[119.4,9.6],[119.4,9.6],[121.8,3.1],[127.1,1.1],[131.9,2.7],[133.7,7],[132.2,11],[128.8,12.3],[125.4,11.2],[124,8.2],[124,8.2]],"i":[[0,0],[0,0],[0,0],[1.6,0],[0,0],[0,-3.5],[0,0],[-0.4,-1.8],[0,0],[0,-4.2],[2.9,-2.3],[5,0],[0,0],[2.2,0.4],[0,0],[0,-0.7],[-3.4,0],[0,0],[0,0],[0,-8.7],[0,0],[3.7,-2.7],[7.7,0],[0,0],[0,5.7],[0,0],[-4.1,1.2],[0,0],[0,0],[0,-1.4],[0,0],[-6.8,0],[0,0],[-2.2,1.5],[0,2.3],[1.4,0.8],[4.1,0],[0,0],[0,0],[1.9,1.4],[0,2.1],[-1.3,1.4],[-3.4,2.1],[0,0],[0,6.3],[0,0],[-2.9,2.5],[-5.8,0],[0,0],[-2.5,-1.3],[0,0],[0,1.2],[0,0],[-1.6,1.3],[-2,0],[-1.2,-1],[0,-1.8],[1,-0.9],[1.4,0],[0.9,0.7],[0.1,1.3],[0,0]],"o":[[0,0],[0,0],[0.3,-1.7],[0,0],[-2.3,0],[0,0],[0,1.4],[0,0],[4.1,2.7],[0,4.2],[-2.9,2.3],[0,0],[-2.1,0],[0,0],[-2.3,1.5],[0,0.7],[0,0],[0,0],[12.1,0],[0,0],[0,4.7],[-3.7,2.7],[0,0],[-13.2,0],[0,0],[0,-3.1],[0,0],[0,0],[-0.4,1.5],[0,0],[0,4.6],[0,0],[4.2,0],[2.2,-1.5],[0,-2.3],[-1.4,-0.8],[0,0],[0,0],[-4.3,0],[-1.9,-1.4],[0,-2.1],[1.3,-1.4],[0,0],[-6.2,-1.8],[0,0],[0,-4],[2.9,-2.5],[0,0],[3.5,0],[0,0],[-0.3,-1.4],[0,0],[0,-3],[1.6,-1.3],[2,0],[1.2,1],[0,1.8],[-1,0.9],[-1.4,0],[-0.9,-0.7],[0,0],[0,-16.3]]}],"h":1}]}},{"ty":"sh","ks":{"a":1,"k":[{"t":0,"s":[{"c":false,"v":[[107,23.1],[107,23.1],[107,27.4],[108,34.7],[110.8,36.6],[113.5,34.8],[114.3,27],[114.3,27],[114.3,23.1],[113.5,14.9],[110.8,13],[108,15],[107,23.1]],"i":[[0,0],[0,0],[0,0],[-0.6,-1.3],[-1.3,0],[-0.6,1.3],[0,3.9],[0,0],[0,0],[0.5,1.3],[1.3,0],[0.6,-1.4],[0,-4.1]],"o":[[0,0],[0,0],[0,3.6],[0.6,1.3],[1.3,0],[0.6,-1.3],[0,0],[0,0],[0,-4.2],[-0.5,-1.3],[-1.3,0],[-0.6,1.4],[0.3,-39.5]]}],"h":1},{"t":79,"s":[{"c":false,"v":[[107,23.1],[107,23.1],[107,27.4],[108,34.7],[110.8,36.6],[113.5,34.8],[114.3,27],[114.3,27],[114.3,23.1],[113.5,14.9],[110.8,13],[108,15],[107,23.1]],"i":[[0,0],[0,0],[0,0],[-0.6,-1.3],[-1.3,0],[-0.6,1.3],[0,3.9],[0,0],[0,0],[0.5,1.3],[1.3,0],[0.6,-1.4],[0,-4.1]],"o":[[0,0],[0,0],[0,3.6],[0.6,1.3],[1.3,0],[0.6,-1.3],[0,0],[0,0],[0,-4.2],[-0.5,-1.3],[-1.3,0],[-0.6,1.4],[0.3,-39.5]]}],"h":1}]}},{"ty":"fl","r":1,"o":{"a":1,"k":[{"t":0,"s":[100],"h":1,"o":{"x":[0],"y":[0]},"i":{"x":[1],"y":[1]}},{"t":79,"s":[100],"h":1}]},"c":{"a":1,"k":[{"t":0,"s":[0,0.1,0.4],"h":1,"o":{"x":[0],"y":[0]},"i":{"x":[1],"y":[1]}},{"t":79,"s":[0,0.1,0.4],"h":1}]}}],"ind":16,"sr":1,"parent":15},{"ty":3,"st":0,"ip":0,"op":80,"w":250,"h":100,"ks":{"ty":"tr","a":{"a":1,"k":[{"t":0,"s":[0,0],"h":1},{"t":6,"s":[-40.6,6.2],"h":1},{"t":79,"s":[-40.6,6.2],"h":1}]},"p":{"a":1,"k":[{"t":0,"s":[0,0],"h":1},{"t":6,"s":[-40.6,6.2],"h":1},{"t":79,"s":[-40.6,6.2],"h":1}]},"s":{"a":1,"k":[{"t":0,"s":[100,100],"h":1},{"t":6,"s":[15.4,15.4],"h":1},{"t":7,"s":[40.9,40.9],"h":1},{"t":8,"s":[67.8,67.8],"h":1},{"t":9,"s":[91.4,91.4],"h":1},{"t":10,"s":[107.3,107.3],"h":1},{"t":11,"s":[114.5,114.5],"h":1},{"t":12,"s":[109.3,109.3],"h":1},{"t":13,"s":[103.1,103.1],"h":1},{"t":14,"s":[89.7,89.7],"h":1},{"t":15,"s":[77.8,77.8],"h":1},{"t":16,"s":[66.6,66.6],"h":1},{"t":17,"s":[63.4,63.4],"h":1},{"t":18,"s":[65.9,65.9],"h":1},{"t":19,"s":[73.5,73.5],"h":1},{"t":20,"s":[84.8,84.8],"h":1},{"t":21,"s":[95,95],"h":1},{"t":22,"s":[102.3,102.3],"h":1},{"t":23,"s":[107.4,107.4],"h":1},{"t":24,"s":[106.2,106.2],"h":1},{"t":25,"s":[101.5,101.5],"h":1},{"t":26,"s":[95.2,95.2],"h":1},{"t":27,"s":[88.4,88.4],"h":1},{"t":28,"s":[83.2,83.2],"h":1},{"t":29,"s":[80.4,80.4],"h":1},{"t":30,"s":[82.5,82.5],"h":1},{"t":31,"s":[86.7,86.7],"h":1},{"t":32,"s":[92.2,92.2],"h":1},{"t":33,"s":[97.3,97.3],"h":1},{"t":34,"s":[102,102],"h":1},{"t":35,"s":[103.8,103.8],"h":1},{"t":36,"s":[102.7,102.7],"h":1},{"t":37,"s":[101.2,101.2],"h":1},{"t":38,"s":[98.2,98.2],"h":1},{"t":39,"s":[95.1,95.1],"h":1},{"t":40,"s":[92,92],"h":1},{"t":41,"s":[91.1,91.1],"h":1},{"t":42,"s":[92.6,92.6],"h":1},{"t":43,"s":[94.2,94.2],"h":1},{"t":44,"s":[96.3,96.3],"h":1},{"t":45,"s":[98.4,98.4],"h":1},{"t":46,"s":[100.2,100.2],"h":1},{"t":47,"s":[101,101],"h":1},{"t":49,"s":[100.7,100.7],"h":1},{"t":50,"s":[99.7,99.7],"h":1},{"t":51,"s":[99.1,99.1],"h":1},{"t":52,"s":[99.2,99.2],"h":1},{"t":53,"s":[99.7,99.7],"h":1},{"t":54,"s":[100,100],"h":1},{"t":79,"s":[100,100],"h":1}]}},"ind":17,"sr":1,"parent":4},{"ty":3,"st":0,"ip":0,"op":80,"w":250,"h":100,"ks":{"ty":"tr","p":{"a":1,"k":[{"t":0,"s":[-110,-25.2],"h":1},{"t":79,"s":[-110,-25.2],"h":1}]}},"ind":18,"sr":1,"parent":17},{"ddd":0,"ty":4,"st":0,"ip":0,"op":80,"w":250,"h":100,"ks":{"ty":"tr","o":{"a":1,"k":[{"t":0,"s":[0],"h":1},{"t":6,"s":[13.1],"h":1},{"t":7,"s":[34.8],"h":1},{"t":8,"s":[56],"h":1},{"t":9,"s":[76.8],"h":1},{"t":10,"s":[97.5],"h":1},{"t":11,"s":[100],"h":1},{"t":79,"s":[100],"h":1}]}},"shapes":[{"ty":"sh","ks":{"a":1,"k":[{"t":0,"s":[{"c":false,"v":[[0,0]],"i":[[0,0]],"o":[[0,0]]}],"h":1},{"t":79,"s":[{"c":false,"v":[[0,0]],"i":[[0,0]],"o":[[0,0]]}],"h":1}]}},{"ty":"sh","ks":{"a":1,"k":[{"t":0,"s":[{"c":false,"v":[[74.3,34.6],[74.3,34.6],[74.3,27.8],[73.5,16.5],[69.6,13],[69.6,13],[66.8,14],[65.2,17.3],[65.2,17.3],[64.5,28.2],[64.5,28.2],[64.5,34.5],[65,45],[66.1,47.8],[66.1,47.8],[69.5,49.8],[69.5,49.8],[73.6,46.2],[73.6,46.2],[74.3,34.6],[74.3,34.6]],"i":[[0,0],[0,0],[0,0],[0.6,2.4],[2,0],[0,0],[0.7,-0.7],[0.3,-1.5],[0,0],[0,-4.9],[0,0],[0,0],[-0.3,-1.2],[-0.4,-0.7],[0,0],[-1.7,0],[0,0],[-0.6,2.4],[0,0],[0,6],[0,0]],"o":[[0,0],[0,0],[0,-5.2],[-0.6,-2.4],[0,0],[-1.2,0],[-0.7,0.7],[0,0],[-0.5,2.4],[0,0],[0,0],[0,5.8],[0.3,1.2],[0,0],[0.6,1.3],[0,0],[2.1,0],[0,0],[0.5,-1.7],[0,0],[0,-69.3]]}],"h":1},{"t":79,"s":[{"c":false,"v":[[74.3,34.6],[74.3,34.6],[74.3,27.8],[73.5,16.5],[69.6,13],[69.6,13],[66.8,14],[65.2,17.3],[65.2,17.3],[64.5,28.2],[64.5,28.2],[64.5,34.5],[65,45],[66.1,47.8],[66.1,47.8],[69.5,49.8],[69.5,49.8],[73.6,46.2],[73.6,46.2],[74.3,34.6],[74.3,34.6]],"i":[[0,0],[0,0],[0,0],[0.6,2.4],[2,0],[0,0],[0.7,-0.7],[0.3,-1.5],[0,0],[0,-4.9],[0,0],[0,0],[-0.3,-1.2],[-0.4,-0.7],[0,0],[-1.7,0],[0,0],[-0.6,2.4],[0,0],[0,6],[0,0]],"o":[[0,0],[0,0],[0,-5.2],[-0.6,-2.4],[0,0],[-1.2,0],[-0.7,0.7],[0,0],[-0.5,2.4],[0,0],[0,0],[0,5.8],[0.3,1.2],[0,0],[0.6,1.3],[0,0],[2.1,0],[0,0],[0.5,-1.7],[0,0],[0,-69.3]]}],"h":1}]}},{"ty":"sh","ks":{"a":1,"k":[{"t":0,"s":[{"c":false,"v":[[69.4,51.2],[54.2,46.1],[49.1,31.4],[54.6,16.7],[70,11.5],[84.8,16.3],[89.7,30.8],[89.7,30.8],[69.4,51.2],[69.4,51.2]],"i":[[0,0],[3.4,3.4],[0,6.4],[-3.7,3.4],[-6.6,0],[-3.3,-3.2],[0,-6.5],[0,0],[13.5,0],[0,0]],"o":[[-6.7,0],[-3.4,-3.4],[0,-6.4],[3.7,-3.4],[6.6,0],[3.3,3.2],[0,0],[0,13.6],[0,0],[0,-102.4]]}],"h":1},{"t":79,"s":[{"c":false,"v":[[69.4,51.2],[54.2,46.1],[49.1,31.4],[54.6,16.7],[70,11.5],[84.8,16.3],[89.7,30.8],[89.7,30.8],[69.4,51.2],[69.4,51.2]],"i":[[0,0],[3.4,3.4],[0,6.4],[-3.7,3.4],[-6.6,0],[-3.3,-3.2],[0,-6.5],[0,0],[13.5,0],[0,0]],"o":[[-6.7,0],[-3.4,-3.4],[0,-6.4],[3.7,-3.4],[6.6,0],[3.3,3.2],[0,0],[0,13.6],[0,0],[0,-102.4]]}],"h":1}]}},{"ty":"fl","r":1,"o":{"a":1,"k":[{"t":0,"s":[100],"h":1,"o":{"x":[0],"y":[0]},"i":{"x":[1],"y":[1]}},{"t":79,"s":[100],"h":1}]},"c":{"a":1,"k":[{"t":0,"s":[0.3,0.3,0.3],"h":1,"o":{"x":[0],"y":[0]},"i":{"x":[1],"y":[1]}},{"t":79,"s":[0.3,0.3,0.3],"h":1}]}}],"ind":19,"sr":1,"parent":18},{"ty":3,"st":0,"ip":0,"op":80,"w":250,"h":100,"ks":{"ty":"tr","a":{"a":1,"k":[{"t":0,"s":[-86.4,-2.8],"h":1},{"t":79,"s":[-86.4,-2.8],"h":1}]},"p":{"a":1,"k":[{"t":0,"s":[-86.4,-2.8],"h":1},{"t":79,"s":[-86.4,-2.8],"h":1}]},"s":{"a":1,"k":[{"t":0,"s":[100,100],"h":1},{"t":1,"s":[22.3,22.3],"h":1},{"t":2,"s":[48.9,48.9],"h":1},{"t":3,"s":[75.5,75.5],"h":1},{"t":4,"s":[97.1,97.1],"h":1},{"t":5,"s":[110.1,110.1],"h":1},{"t":6,"s":[113.7,113.7],"h":1},{"t":7,"s":[107.4,107.4],"h":1},{"t":8,"s":[99.1,99.1],"h":1},{"t":9,"s":[86.1,86.1],"h":1},{"t":10,"s":[74.2,74.2],"h":1},{"t":11,"s":[65.3,65.3],"h":1},{"t":12,"s":[64.1,64.1],"h":1},{"t":13,"s":[66.8,66.8],"h":1},{"t":14,"s":[77.1,77.1],"h":1},{"t":15,"s":[88.2,88.2],"h":1},{"t":16,"s":[97.2,97.2],"h":1},{"t":17,"s":[104.5,104.5],"h":1},{"t":18,"s":[107.7,107.7],"h":1},{"t":19,"s":[104.8,104.8],"h":1},{"t":20,"s":[100.1,100.1],"h":1},{"t":21,"s":[92.7,92.7],"h":1},{"t":22,"s":[86.9,86.9],"h":1},{"t":23,"s":[81.7,81.7],"h":1},{"t":24,"s":[80.1,80.1],"h":1},{"t":25,"s":[83.8,83.8],"h":1},{"t":26,"s":[87.9,87.9],"h":1},{"t":27,"s":[94.1,94.1],"h":1},{"t":28,"s":[98.7,98.7],"h":1},{"t":29,"s":[103.1,103.1],"h":1},{"t":30,"s":[103.8,103.8],"h":1},{"t":31,"s":[102.3,102.3],"h":1},{"t":32,"s":[100.4,100.4],"h":1},{"t":33,"s":[97.3,97.3],"h":1},{"t":34,"s":[94.2,94.2],"h":1},{"t":35,"s":[91.7,91.7],"h":1},{"t":36,"s":[91.5,91.5],"h":1},{"t":37,"s":[93.1,93.1],"h":1},{"t":38,"s":[94.8,94.8],"h":1},{"t":39,"s":[96.9,96.9],"h":1},{"t":40,"s":[99,99],"h":1},{"t":41,"s":[100.5,100.5],"h":1},{"t":42,"s":[101,101],"h":1},{"t":44,"s":[100.4,100.4],"h":1},{"t":45,"s":[99.4,99.4],"h":1},{"t":46,"s":[99.1,99.1],"h":1},{"t":47,"s":[99.4,99.4],"h":1},{"t":48,"s":[99.9,99.9],"h":1},{"t":49,"s":[100,100],"h":1},{"t":79,"s":[100,100],"h":1}]}},"ind":20,"sr":1,"parent":4},{"ty":3,"st":0,"ip":0,"op":80,"w":250,"h":100,"ks":{"ty":"tr","p":{"a":1,"k":[{"t":0,"s":[-110,-25.2],"h":1},{"t":79,"s":[-110,-25.2],"h":1}]}},"ind":21,"sr":1,"parent":20},{"ddd":0,"ty":4,"st":0,"ip":0,"op":80,"w":250,"h":100,"ks":{"ty":"tr","o":{"a":1,"k":[{"t":0,"s":[0],"h":1},{"t":1,"s":[19],"h":1},{"t":2,"s":[41.5],"h":1},{"t":3,"s":[62.3],"h":1},{"t":4,"s":[83],"h":1},{"t":5,"s":[100],"h":1},{"t":79,"s":[100],"h":1}]}},"shapes":[{"ty":"sh","ks":{"a":1,"k":[{"t":0,"s":[{"c":false,"v":[[0,0]],"i":[[0,0]],"o":[[0,0]]}],"h":1},{"t":79,"s":[{"c":false,"v":[[0,0]],"i":[[0,0]],"o":[[0,0]]}],"h":1}]}},{"ty":"sh","ks":{"a":1,"k":[{"t":0,"s":[{"c":false,"v":[[1.7,-3.8],[1.7,-5.6],[30.5,-5.6],[30.5,-3.8],[22,-3.8],[22,48.6],[24.9,48.6],[35.7,44.5],[43.9,31.7],[43.9,31.7],[45.6,31.7],[44.1,50.4],[1.7,50.4],[1.7,48.6],[6.4,48.6],[6.4,-3.8],[1.7,-3.8]],"i":[[0,0],[0,0],[0,0],[0,0],[0,0],[0,0],[0,0],[-2.7,2.8],[-2.8,5.8],[0,0],[0,0],[0,0],[0,0],[0,0],[0,0],[0,0],[0,0]],"o":[[0,0],[0,0],[0,0],[0,0],[0,0],[0,0],[4.5,0],[2.7,-2.8],[0,0],[0,0],[0,0],[0,0],[0,0],[0,0],[0,0],[0,0],[4.7,7.7]]}],"h":1},{"t":79,"s":[{"c":false,"v":[[1.7,-3.8],[1.7,-5.6],[30.5,-5.6],[30.5,-3.8],[22,-3.8],[22,48.6],[24.9,48.6],[35.7,44.5],[43.9,31.7],[43.9,31.7],[45.6,31.7],[44.1,50.4],[1.7,50.4],[1.7,48.6],[6.4,48.6],[6.4,-3.8],[1.7,-3.8]],"i":[[0,0],[0,0],[0,0],[0,0],[0,0],[0,0],[0,0],[-2.7,2.8],[-2.8,5.8],[0,0],[0,0],[0,0],[0,0],[0,0],[0,0],[0,0],[0,0]],"o":[[0,0],[0,0],[0,0],[0,0],[0,0],[0,0],[4.5,0],[2.7,-2.8],[0,0],[0,0],[0,0],[0,0],[0,0],[0,0],[0,0],[0,0],[4.7,7.7]]}],"h":1}]}},{"ty":"fl","r":1,"o":{"a":1,"k":[{"t":0,"s":[100],"h":1,"o":{"x":[0],"y":[0]},"i":{"x":[1],"y":[1]}},{"t":79,"s":[100],"h":1}]},"c":{"a":1,"k":[{"t":0,"s":[0,0.1,0.4],"h":1,"o":{"x":[0],"y":[0]},"i":{"x":[1],"y":[1]}},{"t":79,"s":[0,0.1,0.4],"h":1}]}}],"ind":22,"sr":1,"parent":21}]}