{"v":"5.5.7","meta":{"g":"LottieFiles AE 0.1.20","a":"","k":"","d":"","tc":"none"},"fr":60,"ip":0,"op":360,"w":1080,"h":1080,"nm":"Signup Button","ddd":0,"assets":[],"fonts":{"list":[{"fName":"Gilroy-ExtraBold","fFamily":"Gilroy","fStyle":"ExtraBold","ascent":69.9996948242188}]},"layers":[{"ddd":0,"ind":1,"ty":4,"nm":"Tick","sr":1,"ks":{"o":{"a":0,"k":100,"ix":11},"r":{"a":0,"k":0,"ix":10},"p":{"a":0,"k":[540.25,539.5,0],"ix":2},"a":{"a":0,"k":[0,0,0],"ix":1},"s":{"a":0,"k":[100,100,100],"ix":6}},"ao":0,"shapes":[{"ty":"gr","it":[{"ind":0,"ty":"sh","ix":1,"ks":{"a":0,"k":{"i":[[-26,2.5],[-15,16],[25.5,-15]],"o":[[-26,2.5],[-15,16],[25.5,-15]],"v":[[-26,2.5],[-15,16],[25.5,-15]],"c":false},"ix":2},"nm":"Path 1","mn":"ADBE Vector Shape - Group","hd":false,"_render":true},{"ty":"st","c":{"a":0,"k":[0,0.4,0,1],"ix":3},"o":{"a":0,"k":100,"ix":4},"w":{"a":0,"k":6,"ix":5},"lc":2,"lj":2,"bm":0,"nm":"Stroke 1","mn":"ADBE Vector Graphic - Stroke","hd":false,"_render":true},{"ty":"tr","p":{"a":0,"k":[0,0],"ix":2},"a":{"a":0,"k":[0,0],"ix":1},"s":{"a":0,"k":[100,100],"ix":3},"r":{"a":0,"k":0,"ix":6},"o":{"a":0,"k":100,"ix":7},"sk":{"a":0,"k":0,"ix":4},"sa":{"a":0,"k":0,"ix":5},"nm":"Transform","_render":true}],"nm":"Shape 1","np":3,"cix":2,"bm":0,"ix":1,"mn":"ADBE Vector Group","hd":false,"_render":true},{"ty":"tm","s":{"a":0,"k":0,"ix":1},"e":{"a":1,"k":[{"i":{"x":[0.667],"y":[1]},"o":{"x":[0.797],"y":[0]},"t":210,"s":[0]},{"t":229,"s":[100]}],"ix":2},"o":{"a":0,"k":0,"ix":3},"m":1,"ix":2,"nm":"Trim Paths 1","mn":"ADBE Vector Filter - Trim","hd":false,"_render":true}],"ip":211,"op":360,"st":0,"bm":0,"completed":true},{"ddd":0,"ind":2,"ty":5,"nm":"Signup","sr":1,"ks":{"o":{"a":1,"k":[{"i":{"x":[0.667],"y":[1]},"o":{"x":[0.333],"y":[0]},"t":48,"s":[100]},{"t":64,"s":[0]}],"ix":11},"r":{"a":0,"k":0,"ix":10},"p":{"a":0,"k":[540.015,552.606,0],"ix":2},"a":{"a":0,"k":[0,0,0],"ix":1},"s":{"a":0,"k":[75.522,75.522,100],"ix":6}},"ao":0,"t":{"d":{"k":[{"s":{"s":65,"f":"Gilroy-ExtraBold","t":"Signup","j":2,"tr":0,"lh":78,"ls":0,"fc":[0.08,0.08,0.08,1]},"t":0}]},"p":{},"m":{"g":1,"a":{"a":0,"k":[0,0],"ix":2}},"a":[{"nm":"Animator 1","s":{"t":0,"xe":{"a":0,"k":0,"ix":7},"ne":{"a":0,"k":0,"ix":8},"a":{"a":0,"k":100,"ix":4},"b":1,"rn":0,"sh":1,"r":1,"totalChars":6},"a":{"fc":{"a":1,"k":[{"i":{"x":[0.255],"y":[1]},"o":{"x":[0.333],"y":[0]},"t":26,"s":[0.078431375325,0.078431375325,0.078431375325,1]},{"t":41,"s":[1,1,1,1]}],"ix":12}}}]},"ip":0,"op":360,"st":0,"bm":0,"completed":true},{"ddd":0,"ind":3,"ty":4,"nm":"Loader","sr":1,"ks":{"o":{"a":0,"k":100,"ix":11},"r":{"a":0,"k":0,"ix":10},"p":{"a":0,"k":[540,540,0],"ix":2},"a":{"a":0,"k":[0,0,0],"ix":1},"s":{"a":0,"k":[100,100,100],"ix":6}},"ao":0,"shapes":[{"ty":"rc","d":1,"s":{"a":0,"k":[100,100],"ix":2},"p":{"a":0,"k":[0,0],"ix":3},"r":{"a":0,"k":82,"ix":4},"nm":"Rectangle Path 1","mn":"ADBE Vector Shape - Rect","hd":false,"_render":true},{"ty":"tm","s":{"a":0,"k":0,"ix":1},"e":{"a":1,"k":[{"i":{"x":[0.667],"y":[1]},"o":{"x":[1],"y":[0]},"t":102,"s":[0]},{"t":196,"s":[100]}],"ix":2},"o":{"a":0,"k":-90,"ix":3},"m":1,"ix":2,"nm":"Trim Paths 1","mn":"ADBE Vector Filter - Trim","hd":false,"_render":true},{"ty":"fl","c":{"a":0,"k":[0,1,0.0333,1],"ix":4},"o":{"a":0,"k":0,"ix":5},"r":1,"bm":0,"nm":"Fill 1","mn":"ADBE Vector Graphic - Fill","hd":false,"_render":true},{"ty":"st","c":{"a":0,"k":[0,1,0.0333,1],"ix":3},"o":{"a":0,"k":100,"ix":4},"w":{"a":0,"k":6,"ix":5},"lc":1,"lj":1,"ml":4,"bm":0,"nm":"Stroke 1","mn":"ADBE Vector Graphic - Stroke","hd":false,"_render":true}],"ip":102,"op":197,"st":0,"bm":0,"completed":true},{"ddd":0,"ind":4,"ty":4,"nm":"Button","sr":1,"ks":{"o":{"a":0,"k":100,"ix":11},"r":{"a":0,"k":0,"ix":10},"p":{"a":0,"k":[540,540,0],"ix":2},"a":{"a":0,"k":[0,0,0],"ix":1},"s":{"a":0,"k":[100,100,100],"ix":6}},"ao":0,"shapes":[{"ty":"rc","d":1,"s":{"a":1,"k":[{"i":{"x":[0.003,0.667],"y":[1,1]},"o":{"x":[0.87,0.333],"y":[0,0]},"t":48,"s":[480,100]},{"i":{"x":[0.325,0.667],"y":[1,1]},"o":{"x":[0.683,0.333],"y":[0,0]},"t":102,"s":[100,100]},{"i":{"x":[0.135,0.667],"y":[1,1]},"o":{"x":[1,0.333],"y":[0,0]},"t":196,"s":[100,100]},{"t":248,"s":[480,100]}],"ix":2},"p":{"a":0,"k":[0,0],"ix":3},"r":{"a":1,"k":[{"i":{"x":[0],"y":[1]},"o":{"x":[0.881],"y":[0]},"t":48,"s":[7]},{"i":{"x":[0.667],"y":[1]},"o":{"x":[0.69],"y":[0]},"t":102,"s":[82]},{"i":{"x":[0.124],"y":[1]},"o":{"x":[1],"y":[0]},"t":196,"s":[82]},{"t":248,"s":[7]}],"ix":4},"nm":"Rectangle Path 1","mn":"ADBE Vector Shape - Rect","hd":false,"_render":true},{"ty":"fl","c":{"a":1,"k":[{"i":{"x":[0.15],"y":[1]},"o":{"x":[0.333],"y":[0]},"t":26,"s":[0,1,0.0333,1]},{"i":{"x":[0.667],"y":[1]},"o":{"x":[0.333],"y":[0]},"t":41,"s":[0,0.4,0,1]},{"i":{"x":[0.667],"y":[1]},"o":{"x":[0.333],"y":[0]},"t":188,"s":[0,0.4,0,1]},{"t":203,"s":[0,1,0.0333,1]}],"ix":4},"o":{"a":1,"k":[{"i":{"x":[0.431],"y":[1]},"o":{"x":[0.333],"y":[0]},"t":0,"s":[100]},{"i":{"x":[0.291],"y":[1]},"o":{"x":[0.717],"y":[0]},"t":63,"s":[100]},{"i":{"x":[0.667],"y":[1]},"o":{"x":[0.482],"y":[-0.001]},"t":82,"s":[0]},{"i":{"x":[0.076],"y":[1]},"o":{"x":[0.333],"y":[0]},"t":203,"s":[0]},{"t":214,"s":[100]}],"ix":5},"r":1,"bm":0,"nm":"Fill 1","mn":"ADBE Vector Graphic - Fill","hd":false,"_render":true},{"ty":"st","c":{"a":1,"k":[{"i":{"x":[0.667],"y":[1]},"o":{"x":[0.333],"y":[0]},"t":26,"s":[0,1,0.0333,1]},{"i":{"x":[0.875],"y":[1]},"o":{"x":[0.333],"y":[0]},"t":41,"s":[0,0.4,0,1]},{"i":{"x":[0.793],"y":[1]},"o":{"x":[0.416],"y":[0]},"t":82,"s":[0,0.4,0,1]},{"i":{"x":[0.667],"y":[1]},"o":{"x":[0.096],"y":[0]},"t":102,"s":[0.3137,0.7569,0.3294,1]},{"i":{"x":[0.667],"y":[1]},"o":{"x":[0.333],"y":[0]},"t":189,"s":[0.3137,0.7569,0.3294,1]},{"t":196,"s":[0,1,0.0333,1]}],"ix":3},"o":{"a":0,"k":100,"ix":4},"w":{"a":0,"k":6,"ix":5},"lc":1,"lj":1,"ml":4,"bm":0,"nm":"Stroke 1","mn":"ADBE Vector Graphic - Stroke","hd":false,"_render":true}],"ip":0,"op":360,"st":0,"bm":0,"completed":true}],"markers":[],"chars":[{"ch":"S","size":65,"style":"ExtraBold","w":56.5,"data":{"shapes":[{"ty":"gr","it":[{"ind":0,"ty":"sh","ix":1,"ks":{"a":0,"k":{"i":[[15.912,1.41],[56.9,-6.646000000000001],[44.916,-38.873],[21.552,-47.635],[24.07,-56.195],[38.873,-53.07299999999999],[54.886,-55.994],[40.686,-71.906],[5.438,-64.051],[15.71,-31.925],[40.787,-24.371000000000002],[38.873000000000005,-14.301],[18.933,-18.227999999999998],[2.518,-16.013]],"o":[[46.024,1.41],[56.9,-35.147],[23.264,-45.419],[21.552,-53.678],[35.55,-56.195],[41.29,-48.038],[49.75,-66.367],[16.919,-71.906],[5.438,-36.96],[36.758,-26.083000000000002],[40.787,-17.322],[23.263,-14.301],[16.415,-24.069],[6.446,-5.640000000000002]],"v":[[30.716,1.41],[56.9,-20.242],[34.241,-42.096],[21.552,-50.858],[29.105,-56.195],[41.29,-48.038],[54.886,-55.994],[29.105,-71.906],[5.438,-50.455],[26.184,-29.004],[40.787,-20.041],[31.219,-14.301],[16.415,-24.069],[2.518,-16.013]],"c":true},"ix":2},"nm":"S","mn":"ADBE Vector Shape - Group","hd":false,"_render":true},{"p":{"k":[0,0],"a":0},"s":{"k":[65,65],"a":0},"a":{"k":[0,0],"a":0},"r":{"k":0,"a":0},"o":{"k":100,"a":0},"sk":{"k":0,"a":0},"sa":{"k":0,"a":0},"ty":"tr","_render":true}],"nm":"S","np":3,"cix":2,"bm":0,"ix":1,"mn":"ADBE Vector Group","hd":false,"_render":true},{"ty":"no","_render":true}],"ip":0,"op":99999,"st":0,"sr":1,"ks":{"p":{"k":[0,0],"a":0},"s":{"k":[100,100],"a":0},"a":{"k":[0,0],"a":0},"r":{"k":0,"a":0},"o":{"k":100,"a":0}}},"fFamily":"Gilroy"},{"ch":"i","size":65,"style":"ExtraBold","w":26,"data":{"shapes":[{"ty":"gr","it":[{"ind":0,"ty":"sh","ix":1,"ks":{"a":0,"k":{"i":[[8.157,-54.785],[22.156,-58.913999999999994],[18.027,-72.913],[4.028,-68.78399999999999]],"o":[[18.027,-54.785],[22.156,-68.78399999999999],[8.157,-72.913],[4.028,-58.913999999999994]],"v":[[13.092,-54.785],[22.156,-63.849],[13.092,-72.913],[4.028,-63.849]],"c":true},"ix":2},"nm":"i","mn":"ADBE Vector Shape - Group","hd":false,"_render":true},{"ind":1,"ty":"sh","ix":2,"ks":{"a":0,"k":{"i":[[5.539,0],[20.645,0],[20.645,-50.354],[5.539,-50.354]],"o":[[5.539,0],[20.645,0],[20.645,-50.354],[5.539,-50.354]],"v":[[5.539,0],[20.645,0],[20.645,-50.354],[5.539,-50.354]],"c":true},"ix":2},"nm":"i","mn":"ADBE Vector Shape - Group","hd":false,"_render":true},{"p":{"k":[0,0],"a":0},"s":{"k":[65,65],"a":0},"a":{"k":[0,0],"a":0},"r":{"k":0,"a":0},"o":{"k":100,"a":0},"sk":{"k":0,"a":0},"sa":{"k":0,"a":0},"ty":"tr","_render":true}],"nm":"i","np":5,"cix":2,"bm":0,"ix":1,"mn":"ADBE Vector Group","hd":false,"_render":true},{"ty":"no","_render":true}],"ip":0,"op":99999,"st":0,"sr":1,"ks":{"p":{"k":[0,0],"a":0},"s":{"k":[100,100],"a":0},"a":{"k":[0,0],"a":0},"r":{"k":0,"a":0},"o":{"k":100,"a":0}}},"fFamily":"Gilroy"},{"ch":"g","size":65,"style":"ExtraBold","w":62.3,"data":{"shapes":[{"ty":"gr","it":[{"ind":0,"ty":"sh","ix":1,"ks":{"a":0,"k":{"i":[[42.499,-50.354],[42.499,-45.218],[34.341,-51.764],[3.021,-40.082],[13.494000000000002,-0.604],[39.176,-3.021000000000001],[42.499,-2.518],[38.169,8.258],[21.551000000000002,5.438],[6.747,9.366],[20.141,21.552],[57.202,14.401],[57.202,-50.354]],"o":[[42.499,-50.354],[39.176,-49.347],[13.494000000000002,-51.764],[3.021,-12.286000000000001],[34.341,-0.604],[42.499,-7.15],[42.499,4.632000000000001],[24.472,8.258],[19.638,1.913],[11.379999999999999,17.624],[44.009,21.552],[57.202,-2.518],[57.202,-50.354]],"v":[[42.499,-50.354],[42.499,-45.218],[27.795,-51.764],[3.021,-26.184],[27.795,-0.604],[42.499,-7.15],[42.499,-2.518],[31.119,8.258],[19.638,1.913],[6.747,9.366],[30.615,21.552],[57.202,-2.518],[57.202,-50.354]],"c":true},"ix":2},"nm":"g","mn":"ADBE Vector Shape - Group","hd":false,"_render":true},{"ind":1,"ty":"sh","ix":2,"ks":{"a":0,"k":{"i":[[37.463,-14.502],[18.127,-19.235],[23.162999999999997,-37.866],[42.499,-33.133]],"o":[[23.162999999999997,-14.502],[18.127,-33.133],[37.463,-37.866],[42.499,-19.235]],"v":[[30.313,-14.502],[18.127,-26.184],[30.313,-37.866],[42.499,-26.184]],"c":true},"ix":2},"nm":"g","mn":"ADBE Vector Shape - Group","hd":false,"_render":true},{"p":{"k":[0,0],"a":0},"s":{"k":[65,65],"a":0},"a":{"k":[0,0],"a":0},"r":{"k":0,"a":0},"o":{"k":100,"a":0},"sk":{"k":0,"a":0},"sa":{"k":0,"a":0},"ty":"tr","_render":true}],"nm":"g","np":5,"cix":2,"bm":0,"ix":1,"mn":"ADBE Vector Group","hd":false,"_render":true},{"ty":"no","_render":true}],"ip":0,"op":99999,"st":0,"sr":1,"ks":{"p":{"k":[0,0],"a":0},"s":{"k":[100,100],"a":0},"a":{"k":[0,0],"a":0},"r":{"k":0,"a":0},"o":{"k":100,"a":0}}},"fFamily":"Gilroy"},{"ch":"n","size":65,"style":"ExtraBold","w":58.3,"data":{"shapes":[{"ty":"gr","it":[{"ind":0,"ty":"sh","ix":1,"ks":{"a":0,"k":{"i":[[45.218,-51.764],[23.364,-49.347],[20.645,-50.354],[5.539,-50.354],[5.539,0],[20.645,0],[20.645,-27.493],[24.472,-37.866],[38.773,-34.946],[38.773,0],[53.879,0],[53.879,-30.917]],"o":[[28.399,-51.764],[20.645,-45.621],[20.645,-50.354],[5.539,-50.354],[5.539,0],[20.645,0],[20.645,-34.643],[34.845,-37.866],[38.773,-28.702],[38.773,0],[53.879,0],[53.879,-44.513000000000005]],"v":[[35.046,-51.764],[20.645,-45.621],[20.645,-50.354],[5.539,-50.354],[5.539,0],[20.645,0],[20.645,-27.493],[30.011,-37.866],[38.773,-28.702],[38.773,0],[53.879,0],[53.879,-30.917]],"c":true},"ix":2},"nm":"n","mn":"ADBE Vector Shape - Group","hd":false,"_render":true},{"p":{"k":[0,0],"a":0},"s":{"k":[65,65],"a":0},"a":{"k":[0,0],"a":0},"r":{"k":0,"a":0},"o":{"k":100,"a":0},"sk":{"k":0,"a":0},"sa":{"k":0,"a":0},"ty":"tr","_render":true}],"nm":"n","np":3,"cix":2,"bm":0,"ix":1,"mn":"ADBE Vector Group","hd":false,"_render":true},{"ty":"no","_render":true}],"ip":0,"op":99999,"st":0,"sr":1,"ks":{"p":{"k":[0,0],"a":0},"s":{"k":[100,100],"a":0},"a":{"k":[0,0],"a":0},"r":{"k":0,"a":0},"o":{"k":100,"a":0}}},"fFamily":"Gilroy"},{"ch":"u","size":65,"style":"ExtraBold","w":58.3,"data":{"shapes":[{"ty":"gr","it":[{"ind":0,"ty":"sh","ix":1,"ks":{"a":0,"k":{"i":[[38.068,-50.354],[38.068,-22.861],[34.241,-12.488],[19.94,-15.408000000000001],[19.94,-50.354],[4.834,-50.354],[4.834,-19.437],[13.494,1.41],[35.349,-1.0069999999999997],[38.068,0],[53.174,0],[53.174,-50.354]],"o":[[38.068,-50.354],[38.068,-15.711],[23.868000000000002,-12.488],[19.94,-21.652],[19.94,-50.354],[4.834,-50.354],[4.834,-5.841000000000001],[30.313000000000002,1.41],[38.068,-4.733],[38.068,0],[53.174,0],[53.174,-50.354]],"v":[[38.068,-50.354],[38.068,-22.861],[28.702,-12.488],[19.94,-21.652],[19.94,-50.354],[4.834,-50.354],[4.834,-19.437],[23.666,1.41],[38.068,-4.733],[38.068,0],[53.174,0],[53.174,-50.354]],"c":true},"ix":2},"nm":"u","mn":"ADBE Vector Shape - Group","hd":false,"_render":true},{"p":{"k":[0,0],"a":0},"s":{"k":[65,65],"a":0},"a":{"k":[0,0],"a":0},"r":{"k":0,"a":0},"o":{"k":100,"a":0},"sk":{"k":0,"a":0},"sa":{"k":0,"a":0},"ty":"tr","_render":true}],"nm":"u","np":3,"cix":2,"bm":0,"ix":1,"mn":"ADBE Vector Group","hd":false,"_render":true},{"ty":"no","_render":true}],"ip":0,"op":99999,"st":0,"sr":1,"ks":{"p":{"k":[0,0],"a":0},"s":{"k":[100,100],"a":0},"a":{"k":[0,0],"a":0},"r":{"k":0,"a":0},"o":{"k":100,"a":0}}},"fFamily":"Gilroy"},{"ch":"p","size":65,"style":"ExtraBold","w":62.3,"data":{"shapes":[{"ty":"gr","it":[{"ind":0,"ty":"sh","ix":1,"ks":{"a":0,"k":{"i":[[48.844,-51.764],[23.968,-49.448],[20.645,-50.354],[5.539,-50.354],[5.539,20.142],[20.645,20.142],[20.645,-4.733],[28.904000000000003,1.41],[59.72,-10.171999999999999]],"o":[[28.904000000000003,-51.764],[20.645,-45.621],[20.645,-50.354],[5.539,-50.354],[5.539,20.142],[20.645,20.142],[23.968,-0.9059999999999997],[48.844,1.41],[59.72,-40.182]],"v":[[35.651,-51.764],[20.645,-45.621],[20.645,-50.354],[5.539,-50.354],[5.539,20.142],[20.645,20.142],[20.645,-4.733],[35.651,1.41],[59.72,-25.177]],"c":true},"ix":2},"nm":"p","mn":"ADBE Vector Shape - Group","hd":false,"_render":true},{"ind":1,"ty":"sh","ix":2,"ks":{"a":0,"k":{"i":[[39.577999999999996,-12.891],[20.645,-17.624],[25.68,-37.463],[44.614,-32.73]],"o":[[25.68,-12.891],[20.645,-32.73],[39.577999999999996,-37.463],[44.614,-17.624]],"v":[[32.629,-12.891],[20.645,-25.177],[32.629,-37.463],[44.614,-25.177]],"c":true},"ix":2},"nm":"p","mn":"ADBE Vector Shape - Group","hd":false,"_render":true},{"p":{"k":[0,0],"a":0},"s":{"k":[65,65],"a":0},"a":{"k":[0,0],"a":0},"r":{"k":0,"a":0},"o":{"k":100,"a":0},"sk":{"k":0,"a":0},"sa":{"k":0,"a":0},"ty":"tr","_render":true}],"nm":"p","np":5,"cix":2,"bm":0,"ix":1,"mn":"ADBE Vector Group","hd":false,"_render":true},{"ty":"no","_render":true}],"ip":0,"op":99999,"st":0,"sr":1,"ks":{"p":{"k":[0,0],"a":0},"s":{"k":[100,100],"a":0},"a":{"k":[0,0],"a":0},"r":{"k":0,"a":0},"o":{"k":100,"a":0}}},"fFamily":"Gilroy"}],"__complete":true}