{"nm":"sucess","ddd":0,"h":120,"w":120,"meta":{"g":"LottieFiles AE 0.1.21"},"layers":[{"ty":3,"nm":"scale up null","sr":1,"st":0,"op":300.00001221925,"ip":0,"hd":false,"ddd":0,"bm":0,"hasMask":false,"ao":0,"ks":{"a":{"a":0,"k":[0,0,0],"ix":1},"s":{"a":1,"k":[{"o":{"x":0.167,"y":0},"i":{"x":0.833,"y":1},"s":[111,111,100],"t":27},{"o":{"x":0.167,"y":0},"i":{"x":0.833,"y":1},"s":[101,101,100],"t":36},{"s":[121,121,100],"t":42.0000017106951}],"ix":6},"sk":{"a":0,"k":0},"p":{"a":0,"k":[60,60,0],"ix":2},"r":{"a":0,"k":0,"ix":10},"sa":{"a":0,"k":0},"o":{"a":0,"k":0,"ix":11}},"ef":[],"ind":1},{"ty":4,"nm":"spark","sr":1,"st":35.0000014255792,"op":335.00001364483,"ip":35.0000014255792,"hd":false,"ddd":0,"bm":0,"hasMask":false,"ao":0,"ks":{"a":{"a":0,"k":[0,0,0],"ix":1},"s":{"a":0,"k":[100,100,100],"ix":6},"sk":{"a":0,"k":0},"p":{"a":0,"k":[0,0.5,0],"ix":2},"r":{"a":0,"k":0,"ix":10},"sa":{"a":0,"k":0},"o":{"a":0,"k":100,"ix":11}},"ef":[],"shapes":[{"ty":"gr","bm":0,"hd":false,"mn":"ADBE Vector Group","nm":"Rectangle 1","ix":1,"cix":2,"np":3,"it":[{"ty":"rc","bm":0,"hd":false,"mn":"ADBE Vector Shape - Rect","nm":"Rectangle Path 1","d":1,"p":{"a":1,"k":[{"o":{"x":0.333,"y":0},"i":{"x":0.667,"y":1},"s":[0,-21],"t":35,"ti":[0,1.5],"to":[0,-1.5]},{"s":[0,-30],"t":53.0000021587343}],"ix":3},"r":{"a":0,"k":0,"ix":4},"s":{"a":1,"k":[{"o":{"x":0.333,"y":0},"i":{"x":0.667,"y":1},"s":[2,0],"t":35},{"o":{"x":0.333,"y":0},"i":{"x":0.667,"y":1},"s":[2,8],"t":42},{"s":[1.633,0],"t":53.0000021587343}],"ix":2}},{"ty":"fl","bm":0,"hd":false,"mn":"ADBE Vector Graphic - Fill","nm":"Fill 1","c":{"a":0,"k":[0.2824,0.702,0.3686],"ix":4},"r":1,"o":{"a":0,"k":100,"ix":5}},{"ty":"tr","a":{"a":0,"k":[0,0],"ix":1},"s":{"a":0,"k":[100,100],"ix":3},"sk":{"a":0,"k":0,"ix":4},"p":{"a":0,"k":[0,-8],"ix":2},"r":{"a":0,"k":0,"ix":6},"sa":{"a":0,"k":0,"ix":5},"o":{"a":0,"k":100,"ix":7}}]},{"ty":"rp","bm":0,"hd":false,"mn":"ADBE Vector Filter - Repeater","nm":"Repeater 1","ix":2,"m":1,"c":{"a":0,"k":8,"ix":1},"o":{"a":0,"k":0,"ix":2},"tr":{"a":{"a":0,"k":[0,0],"ix":1},"s":{"a":0,"k":[100,100],"ix":3},"sk":{"a":0,"k":0},"p":{"a":0,"k":[0,0],"ix":2},"r":{"a":0,"k":45,"ix":4},"sa":{"a":0,"k":0},"so":{"a":0,"k":100,"ix":5},"eo":{"a":0,"k":100,"ix":6}}}],"ind":2,"parent":1},{"ty":4,"nm":"check","sr":1,"st":10.0000004073083,"op":310.000012626559,"ip":22.0000008960784,"hd":false,"ddd":0,"bm":0,"hasMask":false,"ao":0,"ks":{"a":{"a":0,"k":[0,0,0],"ix":1},"s":{"a":0,"k":[100,100,100],"ix":6},"sk":{"a":0,"k":0},"p":{"a":0,"k":[0,0,0],"ix":2},"r":{"a":0,"k":0,"ix":10},"sa":{"a":0,"k":0},"o":{"a":0,"k":100,"ix":11}},"ef":[],"shapes":[{"ty":"sh","bm":0,"hd":false,"mn":"ADBE Vector Shape - Group","nm":"Path 1","ix":1,"d":1,"ks":{"a":0,"k":{"c":false,"i":[[0,0],[0,0],[3.5,3.75],[-12.973,5.349],[-6.124,-9.992],[12.125,-7.431],[7.431,12.125]],"o":[[0,0],[0,0],[-3.5,-3.75],[10.764,-2.941],[7.431,12.125],[-12.125,7.431],[-7.431,-12.125]],"v":[[15.25,-9.688],[-5.75,10.062],[-16,0.25],[-6.777,-24.849],[21.955,-13.456],[13.456,21.955],[-21.955,13.456]]},"ix":2}},{"ty":"tm","bm":0,"hd":false,"mn":"ADBE Vector Filter - Trim","nm":"Trim Paths 1","ix":2,"e":{"a":1,"k":[{"o":{"x":0.714,"y":0},"i":{"x":0.351,"y":1},"s":[100],"t":10},{"s":[23],"t":40.0000016292334}],"ix":2},"o":{"a":0,"k":0,"ix":3},"s":{"a":1,"k":[{"o":{"x":0.742,"y":0},"i":{"x":0.363,"y":1},"s":[100],"t":17},{"s":[0],"t":45.0000018328876}],"ix":1},"m":1},{"ty":"st","bm":0,"hd":false,"mn":"ADBE Vector Graphic - Stroke","nm":"Stroke 1","lc":1,"lj":1,"ml":4,"o":{"a":0,"k":100,"ix":4},"w":{"a":0,"k":4,"ix":5},"c":{"a":0,"k":[0.2824,0.702,0.3686],"ix":3}}],"ind":3,"parent":1},{"ty":4,"nm":"circle","sr":1,"st":0,"op":300.00001221925,"ip":0,"hd":false,"ddd":0,"bm":0,"hasMask":false,"ao":0,"ks":{"a":{"a":0,"k":[0,0,0],"ix":1},"s":{"a":0,"k":[100,100,100],"ix":6},"sk":{"a":0,"k":0},"p":{"a":0,"k":[0,0,0],"ix":2},"r":{"a":0,"k":0,"ix":10},"sa":{"a":0,"k":0},"o":{"a":0,"k":100,"ix":11}},"ef":[],"shapes":[{"ty":"sh","bm":0,"hd":false,"mn":"ADBE Vector Shape - Group","nm":"Path 1","ix":1,"d":1,"ks":{"a":0,"k":{"c":true,"i":[[-14.221,0],[0,-14.221],[14.221,0],[0,14.221]],"o":[[14.221,0],[0,14.221],[-14.221,0],[0,-14.221]],"v":[[0,-25.75],[25.75,0],[0,25.75],[-25.75,0]]},"ix":2}},{"ty":"st","bm":0,"hd":false,"mn":"ADBE Vector Graphic - Stroke","nm":"Stroke 1","lc":1,"lj":1,"ml":4,"o":{"a":0,"k":100,"ix":4},"w":{"a":0,"k":4,"ix":5},"c":{"a":0,"k":[0.2824,0.702,0.3686],"ix":3}},{"ty":"tm","bm":0,"hd":false,"mn":"ADBE Vector Filter - Trim","nm":"Trim Paths 1","ix":3,"e":{"a":1,"k":[{"o":{"x":0.714,"y":0},"i":{"x":0.351,"y":1},"s":[100],"t":0},{"s":[100],"t":30.0000012219251}],"ix":2},"o":{"a":0,"k":0,"ix":3},"s":{"a":1,"k":[{"o":{"x":0.742,"y":0},"i":{"x":0.363,"y":1},"s":[100],"t":7},{"s":[0],"t":33.0000013441176}],"ix":1},"m":1}],"ind":4,"parent":1}],"v":"5.5.7","fr":29.9700012207031,"op":60.0000024438501,"ip":0,"assets":[]}