{"v":"5.7.12","fr":30,"ip":0,"op":55,"w":500,"h":500,"nm":"thanks for join","ddd":0,"assets":[],"layers":[{"ddd":0,"ind":1,"ty":4,"nm":"for","sr":1,"ks":{"o":{"a":0,"k":100,"ix":11},"r":{"a":0,"k":0,"ix":10},"p":{"a":0,"k":[237.742,237.563,0],"ix":2,"l":2},"a":{"a":0,"k":[237.742,237.563,0],"ix":1,"l":2},"s":{"a":1,"k":[{"i":{"x":[0.667,0.667,0.667],"y":[1,1,1]},"o":{"x":[0.15,0.15,0.333],"y":[0,0,0]},"t":7,"s":[0,0,100]},{"i":{"x":[0.667,0.667,0.667],"y":[1,1,1]},"o":{"x":[0,0,0.333],"y":[0,0,0]},"t":18,"s":[120,120,100]},{"i":{"x":[0.667,0.667,0.667],"y":[1,1,1]},"o":{"x":[0.167,0.167,0.167],"y":[0,0,0]},"t":20.201,"s":[100,100,100]},{"i":{"x":[1,1,0.667],"y":[1,1,1]},"o":{"x":[0.333,0.333,0.333],"y":[0,0,0]},"t":37.601,"s":[100,100,100]},{"i":{"x":[0.85,0.85,0.667],"y":[1,1,1]},"o":{"x":[0.333,0.333,0.333],"y":[0,0,0]},"t":39.801,"s":[120,120,100]},{"t":46.6005859375,"s":[0,0,100]}],"ix":6,"l":2}},"ao":0,"shapes":[{"ty":"gr","it":[{"ty":"gr","it":[{"ind":0,"ty":"sh","ix":1,"ks":{"a":0,"k":{"i":[[0,0],[0,0],[0,0],[0,0],[-3.588,0.5],[-1.376,-0.401],[0,0],[1.656,-0.231],[1.379,-4.305],[0,0],[0,0]],"o":[[0,0],[0,0],[0,0],[1.7,-3.987],[1.959,-0.273],[0,0],[-1.47,-0.236],[-2.785,0.388],[0,0],[0,0],[0,0]],"v":[[-9.824,-9.839],[-4.342,-10.603],[-3.13,-5.759],[-2.974,-5.781],[5.379,-12.513],[9.824,-12.209],[9.253,-6.416],[5.181,-6.52],[-1.647,0.02],[-0.017,11.714],[-6.689,12.645]],"c":true},"ix":2},"nm":"Path 1","mn":"ADBE Vector Shape - Group","hd":false},{"ty":"fl","c":{"a":0,"k":[0,0,0,1],"ix":4},"o":{"a":0,"k":100,"ix":5},"r":1,"bm":0,"nm":"Fill 1","mn":"ADBE Vector Graphic - Fill","hd":false},{"ty":"tr","p":{"a":0,"k":[265.425,236.157],"ix":2},"a":{"a":0,"k":[0,0],"ix":1},"s":{"a":0,"k":[100,100],"ix":3},"r":{"a":0,"k":0,"ix":6},"o":{"a":0,"k":100,"ix":7},"sk":{"a":0,"k":0,"ix":4},"sa":{"a":0,"k":0,"ix":5},"nm":"Transform"}],"nm":"Group 1","np":2,"cix":2,"bm":0,"ix":1,"mn":"ADBE Vector Group","hd":false},{"ty":"gr","it":[{"ind":0,"ty":"sh","ix":1,"ks":{"a":0,"k":{"i":[[0.542,3.886],[3.071,-0.428],[-0.544,-3.899],[-3.07,0.428]],"o":[[-0.544,-3.899],[-3.07,0.428],[0.542,3.886],[3.071,-0.428]],"v":[[4.638,-0.634],[-0.894,-6.402],[-4.637,0.659],[0.891,6.402]],"c":true},"ix":2},"nm":"Path 1","mn":"ADBE Vector Shape - Group","hd":false},{"ind":1,"ty":"sh","ix":2,"ks":{"a":0,"k":{"i":[[1.04,7.46],[-5.932,0.827],[-1.044,-7.485],[5.933,-0.827]],"o":[[-1.044,-7.485],[5.933,-0.827],[1.04,7.46],[-5.932,0.827]],"v":[[-11.465,1.611],[-1.645,-11.785],[11.466,-1.586],[1.642,11.785]],"c":true},"ix":2},"nm":"Path 2","mn":"ADBE Vector Shape - Group","hd":false},{"ty":"fl","c":{"a":0,"k":[0,0,0,1],"ix":4},"o":{"a":0,"k":100,"ix":5},"r":1,"bm":0,"nm":"Fill 1","mn":"ADBE Vector Graphic - Fill","hd":false},{"ty":"tr","p":{"a":0,"k":[238.794,240.122],"ix":2},"a":{"a":0,"k":[0,0],"ix":1},"s":{"a":0,"k":[100,100],"ix":3},"r":{"a":0,"k":0,"ix":6},"o":{"a":0,"k":100,"ix":7},"sk":{"a":0,"k":0,"ix":4},"sa":{"a":0,"k":0,"ix":5},"nm":"Transform"}],"nm":"Group 2","np":3,"cix":2,"bm":0,"ix":2,"mn":"ADBE Vector Group","hd":false},{"ty":"gr","it":[{"ind":0,"ty":"sh","ix":1,"ks":{"a":0,"k":{"i":[[0,0],[0,0],[0,0],[0,0],[0,0],[0,0],[0,0],[0,0],[0,0],[0,0]],"o":[[0,0],[0,0],[0,0],[0,0],[0,0],[0,0],[0,0],[0,0],[0,0],[0,0]],"v":[[-10.209,-13.398],[9.428,-16.136],[10.209,-10.531],[-2.744,-8.725],[-1.789,-1.881],[9.27,-3.424],[10.052,2.181],[-1.008,3.724],[0.593,15.204],[-6.091,16.136]],"c":true},"ix":2},"nm":"Path 1","mn":"ADBE Vector Shape - Group","hd":false},{"ty":"fl","c":{"a":0,"k":[0,0,0,1],"ix":4},"o":{"a":0,"k":100,"ix":5},"r":1,"bm":0,"nm":"Fill 1","mn":"ADBE Vector Graphic - Fill","hd":false},{"ty":"tr","p":{"a":0,"k":[210.866,240.19],"ix":2},"a":{"a":0,"k":[0,0],"ix":1},"s":{"a":0,"k":[100,100],"ix":3},"r":{"a":0,"k":0,"ix":6},"o":{"a":0,"k":100,"ix":7},"sk":{"a":0,"k":0,"ix":4},"sa":{"a":0,"k":0,"ix":5},"nm":"Transform"}],"nm":"Group 3","np":2,"cix":2,"bm":0,"ix":3,"mn":"ADBE Vector Group","hd":false},{"ty":"tr","p":{"a":0,"k":[210.866,240.19],"ix":2},"a":{"a":0,"k":[210.866,240.19],"ix":1},"s":{"a":0,"k":[100,100],"ix":3},"r":{"a":0,"k":0,"ix":6},"o":{"a":0,"k":100,"ix":7},"sk":{"a":0,"k":0,"ix":4},"sa":{"a":0,"k":0,"ix":5},"nm":"Transform"}],"nm":"Group 1","np":3,"cix":2,"bm":0,"ix":1,"mn":"ADBE Vector Group","hd":false},{"ty":"gr","it":[{"ind":0,"ty":"sh","ix":1,"ks":{"a":0,"k":{"i":[[7.939,-0.711],[0,0],[0.711,7.939],[0,0],[-7.939,0.711],[0,0],[-0.711,-7.939],[0,0]],"o":[[0,0],[-7.939,0.711],[0,0],[-0.711,-7.939],[0,0],[7.939,-0.711],[0,0],[0.711,7.939]],"v":[[40.923,21.354],[-36.475,28.289],[-52.139,15.201],[-54.011,-5.69],[-40.923,-21.354],[36.475,-28.289],[52.139,-15.201],[54.011,5.69]],"c":true},"ix":2},"nm":"Path 1","mn":"ADBE Vector Shape - Group","hd":false},{"ty":"fl","c":{"a":0,"k":[1,1,1,1],"ix":4},"o":{"a":0,"k":100,"ix":5},"r":1,"bm":0,"nm":"Fill 1","mn":"ADBE Vector Graphic - Fill","hd":false},{"ty":"tr","p":{"a":0,"k":[237.742,237.563],"ix":2},"a":{"a":0,"k":[0,0],"ix":1},"s":{"a":0,"k":[100,100],"ix":3},"r":{"a":0,"k":0,"ix":6},"o":{"a":0,"k":100,"ix":7},"sk":{"a":0,"k":0,"ix":4},"sa":{"a":0,"k":0,"ix":5},"nm":"Transform"}],"nm":"Group 2","np":2,"cix":2,"bm":0,"ix":2,"mn":"ADBE Vector Group","hd":false}],"ip":0,"op":120,"st":0,"bm":0},{"ddd":0,"ind":2,"ty":4,"nm":"join","sr":1,"ks":{"o":{"a":0,"k":100,"ix":11},"r":{"a":0,"k":0,"ix":10},"p":{"a":0,"k":[241.478,286.428,0],"ix":2,"l":2},"a":{"a":0,"k":[241.478,286.428,0],"ix":1,"l":2},"s":{"a":1,"k":[{"i":{"x":[0.667,0.667,0.667],"y":[1,1,1]},"o":{"x":[0.15,0.15,0.333],"y":[0,0,0]},"t":13,"s":[0,0,100]},{"i":{"x":[0.667,0.667,0.667],"y":[1,1,1]},"o":{"x":[0,0,0.333],"y":[0,0,0]},"t":24,"s":[120,120,100]},{"i":{"x":[0.667,0.667,0.667],"y":[1,1,1]},"o":{"x":[0.167,0.167,0.167],"y":[0,0,0]},"t":26.2,"s":[100,100,100]},{"i":{"x":[1,1,0.667],"y":[1,1,1]},"o":{"x":[0.333,0.333,0.333],"y":[0,0,0]},"t":40.2,"s":[100,100,100]},{"i":{"x":[0.85,0.85,0.667],"y":[1,1,1]},"o":{"x":[0.333,0.333,0.333],"y":[0,0,0]},"t":42.4,"s":[120,120,100]},{"t":49.2001953125,"s":[0,0,100]}],"ix":6,"l":2}},"ao":0,"shapes":[{"ty":"gr","it":[{"ty":"gr","it":[{"ind":0,"ty":"sh","ix":1,"ks":{"a":0,"k":{"i":[[0,0],[0,0],[0,0],[0,0],[-4.73,0.424],[-0.718,-8.014],[0,0],[0,0],[0,0],[3.443,-0.308],[2.008,-2.341],[0,0],[0,0]],"o":[[0,0],[0,0],[0,0],[2.516,-2.949],[7.181,-0.643],[0,0],[0,0],[0,0],[-0.379,-4.229],[-2.513,0.225],[0,0],[0,0],[0,0]],"v":[[-16.397,-14.597],[-8.713,-15.285],[-7.654,-11.11],[-7.399,-11.133],[3.136,-17.121],[14.639,-5.124],[16.397,14.497],[6.967,15.342],[5.317,-3.066],[0.11,-8.754],[-6.02,-4.87],[-4.12,16.336],[-13.55,17.18]],"c":true},"ix":2},"nm":"Path 1","mn":"ADBE Vector Shape - Group","hd":false},{"ty":"fl","c":{"a":0,"k":[1,1,1,1],"ix":4},"o":{"a":0,"k":100,"ix":5},"r":1,"bm":0,"nm":"Fill 1","mn":"ADBE Vector Graphic - Fill","hd":false},{"ty":"tr","p":{"a":0,"k":[300.073,294.23],"ix":2},"a":{"a":0,"k":[0,0],"ix":1},"s":{"a":0,"k":[100,100],"ix":3},"r":{"a":0,"k":0,"ix":6},"o":{"a":0,"k":100,"ix":7},"sk":{"a":0,"k":0,"ix":4},"sa":{"a":0,"k":0,"ix":5},"nm":"Transform"}],"nm":"Group 1","np":2,"cix":2,"bm":0,"ix":1,"mn":"ADBE Vector Group","hd":false},{"ty":"gr","it":[{"ind":0,"ty":"sh","ix":1,"ks":{"a":0,"k":{"i":[[0.311,3.469],[-3.636,0.326],[-0.309,-3.45],[3.636,-0.326]],"o":[[-0.309,-3.45],[3.636,-0.326],[0.311,3.469],[-3.636,0.326]],"v":[[-2.677,-17.939],[3.059,-24.355],[9.845,-19.06],[4.1,-12.736]],"c":true},"ix":2},"nm":"Path 1","mn":"ADBE Vector Shape - Group","hd":false},{"ind":1,"ty":"sh","ix":2,"ks":{"a":0,"k":{"i":[[0,0],[0,0],[0,0],[0,0],[0,0],[0,0]],"o":[[0,0],[0,0],[0,0],[0,0],[0,0],[0,0]],"v":[[0.921,-0.002],[-11.873,1.144],[-12.535,-6.244],[9.688,-8.235],[12.535,23.542],[3.106,24.387]],"c":true},"ix":2},"nm":"Path 2","mn":"ADBE Vector Shape - Group","hd":false},{"ty":"fl","c":{"a":0,"k":[1,1,1,1],"ix":4},"o":{"a":0,"k":100,"ix":5},"r":1,"bm":0,"nm":"Fill 1","mn":"ADBE Vector Graphic - Fill","hd":false},{"ty":"tr","p":{"a":0,"k":[258.826,289.226],"ix":2},"a":{"a":0,"k":[0,0],"ix":1},"s":{"a":0,"k":[100,100],"ix":3},"r":{"a":0,"k":0,"ix":6},"o":{"a":0,"k":100,"ix":7},"sk":{"a":0,"k":0,"ix":4},"sa":{"a":0,"k":0,"ix":5},"nm":"Transform"}],"nm":"Group 2","np":3,"cix":2,"bm":0,"ix":2,"mn":"ADBE Vector Group","hd":false},{"ty":"gr","it":[{"ind":0,"ty":"sh","ix":1,"ks":{"a":0,"k":{"i":[[0.492,5.492],[4.34,-0.389],[-0.494,-5.51],[-4.338,0.389]],"o":[[-0.494,-5.51],[-4.338,0.389],[0.492,5.492],[4.34,-0.389]],"v":[[6.555,-0.57],[-0.813,-9.049],[-6.555,0.605],[0.809,9.049]],"c":true},"ix":2},"nm":"Path 1","mn":"ADBE Vector Shape - Group","hd":false},{"ind":1,"ty":"sh","ix":2,"ks":{"a":0,"k":{"i":[[0.945,10.544],[-8.384,0.751],[-0.948,-10.579],[8.385,-0.751]],"o":[[-0.948,-10.579],[8.385,-0.751],[0.945,10.544],[-8.384,0.751]],"v":[[-16.204,1.47],[-1.494,-16.657],[16.205,-1.434],[1.49,16.657]],"c":true},"ix":2},"nm":"Path 2","mn":"ADBE Vector Shape - Group","hd":false},{"ty":"fl","c":{"a":0,"k":[1,1,1,1],"ix":4},"o":{"a":0,"k":100,"ix":5},"r":1,"bm":0,"nm":"Fill 1","mn":"ADBE Vector Graphic - Fill","hd":false},{"ty":"tr","p":{"a":0,"k":[224.111,300.986],"ix":2},"a":{"a":0,"k":[0,0],"ix":1},"s":{"a":0,"k":[100,100],"ix":3},"r":{"a":0,"k":0,"ix":6},"o":{"a":0,"k":100,"ix":7},"sk":{"a":0,"k":0,"ix":4},"sa":{"a":0,"k":0,"ix":5},"nm":"Transform"}],"nm":"Group 3","np":3,"cix":2,"bm":0,"ix":3,"mn":"ADBE Vector Group","hd":false},{"ty":"gr","it":[{"ind":0,"ty":"sh","ix":1,"ks":{"a":0,"k":{"i":[[4.095,4.755],[0,0],[-2.758,0.247],[0.512,5.716],[0,0],[0,0],[0,0],[0,0],[0,0],[11.55,-1.035]],"o":[[0,0],[2.655,2.761],[4.247,-0.38],[0,0],[0,0],[0,0],[0,0],[0,0],[0.733,8.185],[-4.629,0.415]],"v":[[-14.331,16.265],[-9.428,9.924],[-1.049,13.794],[4.702,5.647],[3.01,-13.228],[-13.292,-11.768],[-14.001,-19.689],[11.767,-21.998],[14.237,5.571],[-0.005,21.926]],"c":true},"ix":2},"nm":"Path 1","mn":"ADBE Vector Shape - Group","hd":false},{"ty":"fl","c":{"a":0,"k":[1,1,1,1],"ix":4},"o":{"a":0,"k":100,"ix":5},"r":1,"bm":0,"nm":"Fill 1","mn":"ADBE Vector Graphic - Fill","hd":false},{"ty":"tr","p":{"a":0,"k":[186.089,299.258],"ix":2},"a":{"a":0,"k":[0,0],"ix":1},"s":{"a":0,"k":[100,100],"ix":3},"r":{"a":0,"k":0,"ix":6},"o":{"a":0,"k":100,"ix":7},"sk":{"a":0,"k":0,"ix":4},"sa":{"a":0,"k":0,"ix":5},"nm":"Transform"}],"nm":"Group 4","np":2,"cix":2,"bm":0,"ix":4,"mn":"ADBE Vector Group","hd":false},{"ty":"tr","p":{"a":0,"k":[186.089,299.258],"ix":2},"a":{"a":0,"k":[186.089,299.258],"ix":1},"s":{"a":0,"k":[100,100],"ix":3},"r":{"a":0,"k":0,"ix":6},"o":{"a":0,"k":100,"ix":7},"sk":{"a":0,"k":0,"ix":4},"sa":{"a":0,"k":0,"ix":5},"nm":"Transform"}],"nm":"Group 1","np":4,"cix":2,"bm":0,"ix":1,"mn":"ADBE Vector Group","hd":false},{"ty":"gr","it":[{"ind":0,"ty":"sh","ix":1,"ks":{"a":0,"k":{"i":[[11.529,-1.033],[0,0],[1.033,11.529],[0,0],[-11.529,1.033],[0,0],[-0.777,-8.671],[0,0]],"o":[[0,0],[-11.529,1.033],[0,0],[-1.033,-11.529],[0,0],[8.671,-0.777],[0,0],[1.033,11.529]],"v":[[121.874,47.85],[-111.466,68.757],[-134.211,49.752],[-140.878,-24.663],[-121.874,-47.408],[116.64,-68.778],[133.748,-54.484],[140.878,25.105]],"c":true},"ix":2},"nm":"Path 1","mn":"ADBE Vector Shape - Group","hd":false},{"ty":"fl","c":{"a":0,"k":[0.929411768913,0.321568638086,0.46274510026,1],"ix":4},"o":{"a":0,"k":100,"ix":5},"r":1,"bm":0,"nm":"Fill 1","mn":"ADBE Vector Graphic - Fill","hd":false},{"ty":"tr","p":{"a":0,"k":[241.478,286.428],"ix":2},"a":{"a":0,"k":[0,0],"ix":1},"s":{"a":0,"k":[100,100],"ix":3},"r":{"a":0,"k":0,"ix":6},"o":{"a":0,"k":100,"ix":7},"sk":{"a":0,"k":0,"ix":4},"sa":{"a":0,"k":0,"ix":5},"nm":"Transform"}],"nm":"Group 2","np":2,"cix":2,"bm":0,"ix":2,"mn":"ADBE Vector Group","hd":false}],"ip":0,"op":120,"st":0,"bm":0},{"ddd":0,"ind":3,"ty":4,"nm":"thanks","sr":1,"ks":{"o":{"a":0,"k":100,"ix":11},"r":{"a":0,"k":0,"ix":10},"p":{"a":0,"k":[259.33,191.008,0],"ix":2,"l":2},"a":{"a":0,"k":[259.33,191.008,0],"ix":1,"l":2},"s":{"a":1,"k":[{"i":{"x":[0.667,0.667,0.667],"y":[1,1,1]},"o":{"x":[0.15,0.15,0.333],"y":[0,0,0]},"t":0,"s":[0,0,100]},{"i":{"x":[0.667,0.667,0.667],"y":[1,1,1]},"o":{"x":[0,0,0.333],"y":[0,0,0]},"t":11,"s":[120,120,100]},{"i":{"x":[0.667,0.667,0.667],"y":[1,1,1]},"o":{"x":[0.167,0.167,0.167],"y":[0,0,0]},"t":13.2,"s":[100,100,100]},{"i":{"x":[1,1,0.667],"y":[1,1,1]},"o":{"x":[0.333,0.333,0.333],"y":[0,0,0]},"t":34,"s":[100,100,100]},{"i":{"x":[0.85,0.85,0.667],"y":[1,1,1]},"o":{"x":[0.333,0.333,0.333],"y":[0,0,0]},"t":36.2,"s":[120,120,100]},{"t":43,"s":[0,0,100]}],"ix":6,"l":2}},"ao":0,"shapes":[{"ty":"gr","it":[{"ty":"gr","it":[{"ind":0,"ty":"sh","ix":1,"ks":{"a":0,"k":{"i":[[3.199,1.742],[0,0],[-3.422,0.307],[0.105,1.177],[4.784,0.568],[0.331,3.694],[-6.831,0.612],[-2.631,-1.369],[0,0],[2.642,-0.237],[-0.101,-1.123],[-4.138,-0.545],[-0.349,-3.895],[7.677,-0.688]],"o":[[0,0],[3.107,1.56],[2.632,-0.236],[-0.119,-1.332],[-6.632,-0.81],[-0.399,-4.457],[4.265,-0.382],[0,0],[-2.544,-1.244],[-2.214,0.198],[0.119,1.33],[7.529,0.992],[0.388,4.331],[-4.268,0.382]],"v":[[-11.585,9.958],[-8.966,5.261],[0.941,7.231],[4.552,4.84],[-1.554,2.556],[-11.317,-4.104],[-0.994,-12.578],[9.655,-10.238],[6.855,-5.693],[-1.175,-7.277],[-4.317,-5.066],[1.437,-3.011],[11.558,3.794],[0.443,12.575]],"c":true},"ix":2},"nm":"Path 1","mn":"ADBE Vector Shape - Group","hd":false},{"ty":"fl","c":{"a":0,"k":[1,1,1,1],"ix":4},"o":{"a":0,"k":100,"ix":5},"r":1,"bm":0,"nm":"Fill 1","mn":"ADBE Vector Graphic - Fill","hd":false},{"ty":"tr","p":{"a":0,"k":[332.268,187.945],"ix":2},"a":{"a":0,"k":[0,0],"ix":1},"s":{"a":0,"k":[100,100],"ix":3},"r":{"a":0,"k":0,"ix":6},"o":{"a":0,"k":100,"ix":7},"sk":{"a":0,"k":0,"ix":4},"sa":{"a":0,"k":0,"ix":5},"nm":"Transform"}],"nm":"Group 1","np":2,"cix":2,"bm":0,"ix":1,"mn":"ADBE Vector Group","hd":false},{"ty":"gr","it":[{"ind":0,"ty":"sh","ix":1,"ks":{"a":0,"k":{"i":[[0,0],[0,0],[0,0],[0,0]],"o":[[0,0],[0,0],[0,0],[0,0]],"v":[[-1.801,5.474],[1.885,0.695],[13.813,15.003],[6.106,15.694]],"c":true},"ix":2},"nm":"Path 1","mn":"ADBE Vector Shape - Group","hd":false},{"ind":1,"ty":"sh","ix":2,"ks":{"a":0,"k":{"i":[[0,0],[0,0],[0,0],[0,0],[0,0],[0,0],[0,0],[0,0],[0,0]],"o":[[0,0],[0,0],[0,0],[0,0],[0,0],[0,0],[0,0],[0,0],[0,0]],"v":[[-13.813,-16.571],[-6.714,-17.207],[-4.969,2.266],[-4.776,2.248],[3.156,-8.158],[10.903,-8.852],[-4.227,10.554],[-3.688,16.571],[-10.787,17.207]],"c":true},"ix":2},"nm":"Path 2","mn":"ADBE Vector Shape - Group","hd":false},{"ty":"fl","c":{"a":0,"k":[1,1,1,1],"ix":4},"o":{"a":0,"k":100,"ix":5},"r":1,"bm":0,"nm":"Fill 1","mn":"ADBE Vector Graphic - Fill","hd":false},{"ty":"tr","p":{"a":0,"k":[304.374,186.235],"ix":2},"a":{"a":0,"k":[0,0],"ix":1},"s":{"a":0,"k":[100,100],"ix":3},"r":{"a":0,"k":0,"ix":6},"o":{"a":0,"k":100,"ix":7},"sk":{"a":0,"k":0,"ix":4},"sa":{"a":0,"k":0,"ix":5},"nm":"Transform"}],"nm":"Group 2","np":3,"cix":2,"bm":0,"ix":2,"mn":"ADBE Vector Group","hd":false},{"ty":"gr","it":[{"ind":0,"ty":"sh","ix":1,"ks":{"a":0,"k":{"i":[[0,0],[0,0],[0,0],[0,0],[-3.56,0.319],[-0.541,-6.033],[0,0],[0,0],[0,0],[2.592,-0.232],[1.512,-1.763],[0,0],[0,0]],"o":[[0,0],[0,0],[0,0],[1.894,-2.22],[5.407,-0.484],[0,0],[0,0],[0,0],[-0.285,-3.184],[-1.892,0.17],[0,0],[0,0],[0,0]],"v":[[-12.344,-10.989],[-6.56,-11.508],[-5.763,-8.364],[-5.57,-8.382],[2.361,-12.89],[11.021,-3.857],[12.344,10.914],[5.245,11.55],[4.003,-2.309],[0.083,-6.59],[-4.532,-3.667],[-3.102,12.298],[-10.201,12.934]],"c":true},"ix":2},"nm":"Path 1","mn":"ADBE Vector Shape - Group","hd":false},{"ty":"fl","c":{"a":0,"k":[1,1,1,1],"ix":4},"o":{"a":0,"k":100,"ix":5},"r":1,"bm":0,"nm":"Fill 1","mn":"ADBE Vector Graphic - Fill","hd":false},{"ty":"tr","p":{"a":0,"k":[275.173,193.072],"ix":2},"a":{"a":0,"k":[0,0],"ix":1},"s":{"a":0,"k":[100,100],"ix":3},"r":{"a":0,"k":0,"ix":6},"o":{"a":0,"k":100,"ix":7},"sk":{"a":0,"k":0,"ix":4},"sa":{"a":0,"k":0,"ix":5},"nm":"Transform"}],"nm":"Group 3","np":2,"cix":2,"bm":0,"ix":3,"mn":"ADBE Vector Group","hd":false},{"ty":"gr","it":[{"ind":0,"ty":"sh","ix":1,"ks":{"a":0,"k":{"i":[[-1.574,1.465],[0,0],[-0.183,-2.042],[-2.005,0.18]],"o":[[0,0],[-7.006,0.985],[0.138,1.539],[2.13,-0.191]],"v":[[4.206,4.255],[3.855,0.336],[-4.722,5.057],[-1.215,7.048]],"c":true},"ix":2},"nm":"Path 1","mn":"ADBE Vector Shape - Group","hd":false},{"ind":1,"ty":"sh","ix":2,"ks":{"a":0,"k":{"i":[[0.36,4.021],[-11.242,1.699],[3.211,-0.288],[2.571,-1.591],[0,0],[-4.064,0.364],[-0.657,-7.331],[0,0],[0,0],[0,0],[0,0],[3.071,-0.275]],"o":[[-0.48,-5.361],[-0.441,-2.117],[-2.307,0.207],[0,0],[3.146,-2.188],[6.727,-0.603],[0,0],[0,0],[0,0],[0,0],[-2.254,2.033],[-4.84,0.434]],"v":[[-11.478,6.235],[3.471,-3.951],[-1.911,-6.944],[-9.003,-4.051],[-11.951,-8.473],[-1.046,-12.712],[10.725,-2.853],[11.951,10.822],[6.153,11.342],[5.4,8.692],[5.22,8.708],[-2.966,12.742]],"c":true},"ix":2},"nm":"Path 2","mn":"ADBE Vector Shape - Group","hd":false},{"ty":"fl","c":{"a":0,"k":[1,1,1,1],"ix":4},"o":{"a":0,"k":100,"ix":5},"r":1,"bm":0,"nm":"Fill 1","mn":"ADBE Vector Graphic - Fill","hd":false},{"ty":"tr","p":{"a":0,"k":[246.879,195.734],"ix":2},"a":{"a":0,"k":[0,0],"ix":1},"s":{"a":0,"k":[100,100],"ix":3},"r":{"a":0,"k":0,"ix":6},"o":{"a":0,"k":100,"ix":7},"sk":{"a":0,"k":0,"ix":4},"sa":{"a":0,"k":0,"ix":5},"nm":"Transform"}],"nm":"Group 4","np":3,"cix":2,"bm":0,"ix":4,"mn":"ADBE Vector Group","hd":false},{"ty":"gr","it":[{"ind":0,"ty":"sh","ix":1,"ks":{"a":0,"k":{"i":[[0,0],[0,0],[0,0],[0,0],[0,0],[-3.582,0.321],[-0.541,-6.033],[0,0],[0,0],[0,0],[2.592,-0.232],[1.512,-1.763],[0,0],[0,0]],"o":[[0,0],[0,0],[0,0],[0,0],[1.606,-1.998],[5.372,-0.481],[0,0],[0,0],[0,0],[-0.285,-3.184],[-1.892,0.17],[0,0],[0,0],[0,0]],"v":[[-12.786,-16.571],[-5.687,-17.207],[-4.948,-8.965],[-4.95,-4.322],[-4.771,-4.338],[2.837,-8.62],[11.462,0.415],[12.786,15.187],[5.687,15.823],[4.445,1.964],[0.524,-2.318],[-4.091,0.606],[-2.66,16.571],[-9.759,17.207]],"c":true},"ix":2},"nm":"Path 1","mn":"ADBE Vector Shape - Group","hd":false},{"ty":"fl","c":{"a":0,"k":[1,1,1,1],"ix":4},"o":{"a":0,"k":100,"ix":5},"r":1,"bm":0,"nm":"Fill 1","mn":"ADBE Vector Graphic - Fill","hd":false},{"ty":"tr","p":{"a":0,"k":[217.823,193.898],"ix":2},"a":{"a":0,"k":[0,0],"ix":1},"s":{"a":0,"k":[100,100],"ix":3},"r":{"a":0,"k":0,"ix":6},"o":{"a":0,"k":100,"ix":7},"sk":{"a":0,"k":0,"ix":4},"sa":{"a":0,"k":0,"ix":5},"nm":"Transform"}],"nm":"Group 5","np":2,"cix":2,"bm":0,"ix":5,"mn":"ADBE Vector Group","hd":false},{"ty":"gr","it":[{"ind":0,"ty":"sh","ix":1,"ks":{"a":0,"k":{"i":[[0,0],[0,0],[0,0],[0,0],[0,0],[0,0],[0,0],[0,0]],"o":[[0,0],[0,0],[0,0],[0,0],[0,0],[0,0],[0,0],[0,0]],"v":[[-3.289,-9.009],[-12.71,-8.165],[-13.244,-14.128],[12.71,-16.453],[13.244,-10.49],[3.823,-9.646],[6.105,15.816],[-1.008,16.453]],"c":true},"ix":2},"nm":"Path 1","mn":"ADBE Vector Shape - Group","hd":false},{"ty":"fl","c":{"a":0,"k":[1,1,1,1],"ix":4},"o":{"a":0,"k":100,"ix":5},"r":1,"bm":0,"nm":"Fill 1","mn":"ADBE Vector Graphic - Fill","hd":false},{"ty":"tr","p":{"a":0,"k":[188.052,196.535],"ix":2},"a":{"a":0,"k":[0,0],"ix":1},"s":{"a":0,"k":[100,100],"ix":3},"r":{"a":0,"k":0,"ix":6},"o":{"a":0,"k":100,"ix":7},"sk":{"a":0,"k":0,"ix":4},"sa":{"a":0,"k":0,"ix":5},"nm":"Transform"}],"nm":"Group 6","np":2,"cix":2,"bm":0,"ix":6,"mn":"ADBE Vector Group","hd":false},{"ty":"tr","p":{"a":0,"k":[188.052,196.535],"ix":2},"a":{"a":0,"k":[188.052,196.535],"ix":1},"s":{"a":0,"k":[100,100],"ix":3},"r":{"a":0,"k":0,"ix":6},"o":{"a":0,"k":100,"ix":7},"sk":{"a":0,"k":0,"ix":4},"sa":{"a":0,"k":0,"ix":5},"nm":"Transform"}],"nm":"Group 1","np":6,"cix":2,"bm":0,"ix":1,"mn":"ADBE Vector Group","hd":false},{"ty":"gr","it":[{"ind":0,"ty":"sh","ix":1,"ks":{"a":0,"k":{"i":[[14.087,-1.262],[0,0],[0.808,9.016],[0,0],[-14.087,1.262],[0,0],[-1.262,-14.087],[0,0]],"o":[[0,0],[-9.016,0.808],[0,0],[-1.262,-14.087],[0,0],[14.087,-1.262],[0,0],[1.262,14.087]],"v":[[116.036,25.097],[-118.839,46.141],[-136.627,31.278],[-139.258,1.911],[-116.036,-25.882],[109.657,-46.103],[137.45,-22.881],[139.258,-2.696]],"c":true},"ix":2},"nm":"Path 1","mn":"ADBE Vector Shape - Group","hd":false},{"ty":"fl","c":{"a":0,"k":[0.015686275437,0.749019622803,0.749019622803,1],"ix":4},"o":{"a":0,"k":100,"ix":5},"r":1,"bm":0,"nm":"Fill 1","mn":"ADBE Vector Graphic - Fill","hd":false},{"ty":"tr","p":{"a":0,"k":[259.33,191.008],"ix":2},"a":{"a":0,"k":[0,0],"ix":1},"s":{"a":0,"k":[100,100],"ix":3},"r":{"a":0,"k":0,"ix":6},"o":{"a":0,"k":100,"ix":7},"sk":{"a":0,"k":0,"ix":4},"sa":{"a":0,"k":0,"ix":5},"nm":"Transform"}],"nm":"Group 2","np":2,"cix":2,"bm":0,"ix":2,"mn":"ADBE Vector Group","hd":false}],"ip":0,"op":120,"st":0,"bm":0}],"markers":[]}