{"v":"5.6.5","fr":60,"ip":0,"op":120,"w":48,"h":48,"nm":"Profile","ddd":0,"assets":[],"layers":[{"ddd":0,"ind":1,"ty":4,"nm":"Head","sr":1,"ks":{"o":{"a":0,"k":100,"ix":11},"r":{"a":0,"k":0,"ix":10},"p":{"a":1,"k":[{"i":{"x":0.2,"y":1},"o":{"x":0.15,"y":0},"t":0,"s":[24.609,19.266,0],"to":null,"ti":null},{"i":{"x":0.2,"y":1},"o":{"x":0.3,"y":0},"t":20,"s":[24.609,24.266,0],"to":null,"ti":null},{"i":{"x":0.2,"y":1},"o":{"x":0.16,"y":0},"t":30,"s":[24.609,24.609,0],"to":null,"ti":null},{"i":{"x":0.84,"y":1},"o":{"x":0.3,"y":0},"t":44,"s":[24.609,9.609,0],"to":null,"ti":null},{"i":{"x":0.84,"y":1},"o":{"x":0.81,"y":0},"t":52,"s":[24.609,9,0],"to":[0.001,1.764,0],"ti":[0,-2.667,0]},{"i":{"x":0.667,"y":1},"o":{"x":0.3,"y":0},"t":72,"s":[24.609,24.266,0],"to":null,"ti":null},{"i":{"x":0.667,"y":1},"o":{"x":0.333,"y":0},"t":80,"s":[24.609,25,0],"to":null,"ti":null},{"i":{"x":0.667,"y":1},"o":{"x":0.333,"y":0},"t":88,"s":[24.609,18.5,0],"to":null,"ti":null},{"t":96,"s":[24.609,19.266,0]}],"ix":2},"a":{"a":0,"k":[0.609,-4.766,0],"ix":1},"s":{"a":0,"k":[100,100,100],"ix":6}},"ao":0,"shapes":[{"ty":"gr","it":[{"ind":0,"ty":"sh","ix":1,"ks":{"a":1,"k":[{"i":{"x":0.2,"y":1},"o":{"x":0.15,"y":0},"t":0,"s":[{"i":[[-2.209,-4],[4,-2.209],[2.209,4],[-4,2.209]],"o":[[2.209,-4],[4,2.209],[-2.209,4],[-4,-2.209]],"v":[[0,-4],[4,0],[0,4],[-4,0]],"c":true}]},{"i":{"x":0.2,"y":1},"o":{"x":0.3,"y":0},"t":20,"s":[{"i":[[-2.209,-2],[4,-1.1],[2.209,4],[-4,3.318]],"o":[[2.209,-2],[4,3.318],[-2.209,4],[-4,-1.1]],"v":[[0,-2],[4,1.109],[0,4],[-4,1.109]],"c":true}]},{"i":{"x":0.833,"y":0.833},"o":{"x":0.16,"y":0},"t":30,"s":[{"i":[[-2.209,-1.625],[4,-0.881],[2.209,4],[-4,3.537]],"o":[[2.209,-1.625],[4,3.537],[-2.209,4],[-4,-0.881]],"v":[[0,-1.625],[4,1.328],[0,4],[-4,1.328]],"c":true}]},{"i":{"x":0.833,"y":0.833},"o":{"x":0.167,"y":0.167},"t":34,"s":[{"i":[[-2.209,-4.468],[3.563,-2.189],[2.209,4.875],[-4,2.229]],"o":[[2.209,-4.468],[3.563,2.229],[-2.209,4.875],[-4,-2.189]],"v":[[0,-4.468],[3.563,0.02],[0,4.875],[-4,0.02]],"c":true}]},{"i":{"x":0.2,"y":1},"o":{"x":0.167,"y":0.167},"t":36,"s":[{"i":[[-2.209,-4.263],[3.754,-2.854],[2.209,4.867],[-4,1.564]],"o":[[2.209,-4.263],[3.754,1.564],[-2.209,4.867],[-4,-2.854]],"v":[[0,-4.263],[3.754,-0.645],[0,4.867],[-4,-0.645]],"c":true}]},{"i":{"x":0.84,"y":1},"o":{"x":0.3,"y":0},"t":44,"s":[{"i":[[-2.209,-4],[4,-2.209],[2.209,4],[-4,2.209]],"o":[[2.209,-4],[4,2.209],[-2.209,4],[-4,-2.209]],"v":[[0,-4],[4,0],[0,4],[-4,0]],"c":true}]},{"i":{"x":0.833,"y":0.833},"o":{"x":0.81,"y":0},"t":56,"s":[{"i":[[-2.209,-4],[4,-2.209],[2.209,4],[-4,2.209]],"o":[[2.209,-4],[4,2.209],[-2.209,4],[-4,-2.209]],"v":[[0,-4],[4,0],[0,4],[-4,0]],"c":true}]},{"i":{"x":0.833,"y":0.833},"o":{"x":0.167,"y":0.167},"t":62,"s":[{"i":[[-2.209,-5.344],[4,-2.209],[2.209,3.375],[-4,2.209]],"o":[[2.209,-5.344],[4,2.209],[-2.209,3.375],[-4,-2.209]],"v":[[0,-5.344],[4,0],[0,3.375],[-4,0]],"c":true}]},{"i":{"x":0.84,"y":1},"o":{"x":0.167,"y":0.167},"t":64,"s":[{"i":[[-2.209,-5.378],[4,-2.209],[2.209,3.49],[-4,2.209]],"o":[[2.209,-5.378],[4,2.209],[-2.209,3.49],[-4,-2.209]],"v":[[0,-5.378],[4,0],[0,3.49],[-4,0]],"c":true}]},{"i":{"x":0.667,"y":1},"o":{"x":0.3,"y":0},"t":72,"s":[{"i":[[-2.209,-4],[4,-2.209],[2.209,4],[-4,2.209]],"o":[[2.209,-4],[4,2.209],[-2.209,4],[-4,-2.209]],"v":[[0,-4],[4,0],[0,4],[-4,0]],"c":true}]},{"i":{"x":0.667,"y":1},"o":{"x":0.333,"y":0},"t":80,"s":[{"i":[[-2.209,-1.906],[4,-1.1],[2.209,4],[-4,3.318]],"o":[[2.209,-1.906],[4,3.318],[-2.209,4],[-4,-1.1]],"v":[[0,-1.906],[4,1.109],[0,4],[-4,1.109]],"c":true}]},{"i":{"x":0.667,"y":1},"o":{"x":0.333,"y":0},"t":88,"s":[{"i":[[-2.209,-4],[4,-2.209],[2.209,4],[-4,2.209]],"o":[[2.209,-4],[4,2.209],[-2.209,4],[-4,-2.209]],"v":[[0,-4],[4,0],[0,4],[-4,0]],"c":true}]},{"t":96,"s":[{"i":[[-2.209,-4],[4,-2.209],[2.209,4],[-4,2.209]],"o":[[2.209,-4],[4,2.209],[-2.209,4],[-4,-2.209]],"v":[[0,-4],[4,0],[0,4],[-4,0]],"c":true}]}],"ix":2},"nm":"Path 1","mn":"ADBE Vector Shape - Group","hd":false,"_render":true},{"ty":"st","c":{"a":0,"k":[0.1255,0.1529,0.1725,1],"ix":3},"o":{"a":0,"k":100,"ix":4},"w":{"a":0,"k":2,"ix":5},"lc":1,"lj":1,"ml":4,"bm":0,"nm":"Stroke 1","mn":"ADBE Vector Graphic - Stroke","hd":false,"_render":true},{"ty":"tr","p":{"a":0,"k":[0.609,-4.766],"ix":2},"a":{"a":0,"k":[0,0],"ix":1},"s":{"a":0,"k":[100,100],"ix":3},"r":{"a":0,"k":0,"ix":6},"o":{"a":0,"k":100,"ix":7},"sk":{"a":0,"k":0,"ix":4},"sa":{"a":0,"k":0,"ix":5},"nm":"Transform","_render":true}],"nm":"Ellipse 1","np":3,"cix":2,"bm":0,"ix":1,"mn":"ADBE Vector Group","hd":false,"_render":true}],"ip":0,"op":480,"st":0,"bm":0,"completed":true},{"ddd":0,"ind":2,"ty":4,"nm":"body","sr":1,"ks":{"o":{"a":0,"k":100,"ix":11},"r":{"a":0,"k":0,"ix":10},"p":{"a":1,"k":[{"i":{"x":0.2,"y":1},"o":{"x":0.16,"y":0},"t":0,"s":[24.5,28.319,0],"to":null,"ti":null},{"i":{"x":0.2,"y":0.2},"o":{"x":0.16,"y":0.16},"t":20,"s":[24.5,32,0],"to":null,"ti":null},{"i":{"x":0.2,"y":1},"o":{"x":0.16,"y":0},"t":30,"s":[24.5,32,0],"to":null,"ti":null},{"i":{"x":0.84,"y":1},"o":{"x":0.3,"y":0},"t":44,"s":[24.5,22.319,0],"to":null,"ti":null},{"i":{"x":0.84,"y":1},"o":{"x":0.81,"y":0},"t":56,"s":[24.5,21.8,0],"to":null,"ti":null},{"i":{"x":0.667,"y":1},"o":{"x":0.3,"y":0},"t":72,"s":[24.5,32,0],"to":null,"ti":null},{"i":{"x":0.667,"y":1},"o":{"x":0.333,"y":0},"t":80,"s":[24.5,32.5,0],"to":null,"ti":null},{"i":{"x":0.667,"y":1},"o":{"x":0.333,"y":0},"t":88,"s":[24.5,28.000000000000004,0],"to":null,"ti":null},{"t":96,"s":[24.5,28.319,0]}],"ix":2},"a":{"a":0,"k":[10.5,6.681,0],"ix":1},"s":{"a":0,"k":[100,100,100],"ix":6}},"ao":0,"shapes":[{"ty":"gr","it":[{"ind":0,"ty":"sh","ix":1,"ks":{"a":1,"k":[{"i":{"x":0.2,"y":1},"o":{"x":0.16,"y":0},"t":0,"s":[{"i":[[-7.539,-1.804],[-1.789,-4.681],[3.654,-4.1080000000000005],[8.5,-0.31699999999999995],[8.5,3.681],[8.053,4.681],[-7.5,4.681],[-8.5,4.234],[-8.5,1.536]],"o":[[-3.661,-4.096],[1.789,-4.681],[7.529999999999999,-1.8170000000000002],[8.5,1.536],[8.5,4.234],[7.5,4.681],[-8.052,4.681],[-8.5,3.681],[-8.5,-0.31699999999999995]],"v":[[-5.617,-2.926],[0,-4.681],[5.592,-2.962],[8.5,1.536],[8.5,3.681],[7.5,4.681],[-7.5,4.681],[-8.5,3.681],[-8.5,1.536]],"c":true}]},{"i":{"x":0.2,"y":1},"o":{"x":0.3,"y":0},"t":20,"s":[{"i":[[-8.57,-1.2099999999999997],[-1.726,-3.493],[4.8420000000000005,-3.452],[10,-0.18100000000000005],[10,3.817],[9.553,4.817],[-9.063,4.817],[-10.063,4.37],[-10.063,1.672]],"o":[[-4.692,-3.502],[1.8519999999999999,-3.493],[8.718,-1.161],[10,1.672],[10,4.37],[9,4.817],[-9.615,4.817],[-10.063,3.817],[-10.063,-0.18100000000000005]],"v":[[-6.648,-2.332],[0.063,-3.493],[6.78,-2.306],[10,1.672],[10,3.817],[9,4.817],[-9.063,4.817],[-10.063,3.817],[-10.063,1.672]],"c":true}]},{"i":{"x":0.833,"y":0.833},"o":{"x":0.16,"y":0},"t":30,"s":[{"i":[[-8.57,-0.71],[-1.726,-2.993],[4.8420000000000005,-2.952],[10.469,-0.18999999999999995],[10.469,3.808],[10.022,4.808],[-9.406,4.828],[-10.406,4.381],[-10.406,1.683]],"o":[[-4.692,-3.002],[1.8519999999999999,-2.993],[8.718,-0.661],[10.469,1.663],[10.469,4.361],[9.469,4.808],[-9.958,4.828],[-10.406,3.828],[-10.406,-0.16999999999999993]],"v":[[-6.648,-1.832],[0.063,-2.993],[6.78,-1.806],[10.469,1.663],[10.469,3.808],[9.469,4.808],[-9.406,4.828],[-10.406,3.828],[-10.406,1.683]],"c":true}]},{"i":{"x":0.2,"y":1},"o":{"x":0.167,"y":0.167},"t":36,"s":[{"i":[[-7.268,-2.1180000000000003],[-1.773,-5.148],[3.4510000000000005,-4.406],[8.453,0.752],[8.453,5.546],[8.006,6.546],[-7.487,6.551],[-8.487,6.104],[-8.487,2.61]],"o":[[-3.39,-4.41],[1.805,-5.148],[7.327,-2.1149999999999998],[8.453,2.605],[8.453,6.099],[7.453,6.546],[-8.039,6.551],[-8.487,5.551],[-8.487,0.7569999999999999]],"v":[[-5.346,-3.24],[0.016,-5.148],[5.389,-3.26],[8.453,2.605],[8.453,5.546],[7.453,6.546],[-7.487,6.551],[-8.487,5.551],[-8.487,2.61]],"c":true}]},{"i":{"x":0.84,"y":1},"o":{"x":0.3,"y":0},"t":44,"s":[{"i":[[-6.851999999999999,-3.005],[-1.789,-5.868],[2.966,-5.309],[7.812,-1.018],[7.812,4.042],[7.365,5.042],[-6.813,5.042],[-7.813,4.595],[-7.813,0.835]],"o":[[-2.9739999999999998,-5.297],[1.789,-5.868],[6.842,-3.0180000000000002],[7.812,0.835],[7.812,4.595],[6.812,5.042],[-7.365,5.042],[-7.813,4.042],[-7.813,-1.018]],"v":[[-4.93,-4.127],[0,-5.868],[4.904,-4.163],[7.812,0.835],[7.812,4.042],[6.812,5.042],[-6.813,5.042],[-7.813,4.042],[-7.813,0.835]],"c":true}]},{"i":{"x":0.833,"y":0.833},"o":{"x":0.81,"y":0},"t":56,"s":[{"i":[[-7.531,-2.5229999999999997],[-1.781,-5.4],[3.662,-4.827],[8.5,-0.31699999999999995],[8.5,4.462],[8.053,5.462],[-7.5,5.462],[-8.5,5.015],[-8.5,1.536]],"o":[[-3.653,-4.8149999999999995],[1.797,-5.4],[7.537999999999999,-2.536],[8.5,1.536],[8.5,5.015],[7.5,5.462],[-8.052,5.462],[-8.5,4.462],[-8.5,-0.31699999999999995]],"v":[[-5.609,-3.645],[0.008,-5.4],[5.6,-3.681],[8.5,1.536],[8.5,4.462],[7.5,5.462],[-7.5,5.462],[-8.5,4.462],[-8.5,1.536]],"c":true}]},{"i":{"x":0.84,"y":1},"o":{"x":0.167,"y":0.167},"t":62,"s":[{"i":[[-7.532,-2.521],[-1.782,-5.523],[3.6610000000000005,-4.824999999999999],[7.938,-0.32899999999999996],[7.937,4.099],[7.49,5.099],[-6.844,5.099],[-7.844,4.652],[-7.844,1.524]],"o":[[-3.6540000000000004,-4.813],[1.7959999999999998,-5.523],[7.537,-2.534],[7.938,1.524],[7.937,4.652],[6.937,5.099],[-7.396000000000001,5.099],[-7.844,4.099],[-7.844,-0.32899999999999996]],"v":[[-5.61,-3.643],[0.007,-5.523],[5.599,-3.679],[7.938,1.524],[7.937,4.099],[6.937,5.099],[-6.844,5.099],[-7.844,4.099],[-7.844,1.524]],"c":true}]},{"i":{"x":0.667,"y":1},"o":{"x":0.3,"y":0},"t":72,"s":[{"i":[[-7.539,-1.804],[-1.789,-4.681],[3.654,-4.1080000000000005],[8.5,-0.31699999999999995],[8.5,3.681],[8.053,4.681],[-7.5,4.681],[-8.5,4.234],[-8.5,1.536]],"o":[[-3.661,-4.096],[1.789,-4.681],[7.529999999999999,-1.8170000000000002],[8.5,1.536],[8.5,4.234],[7.5,4.681],[-8.052,4.681],[-8.5,3.681],[-8.5,-0.31699999999999995]],"v":[[-5.617,-2.926],[0,-4.681],[5.592,-2.962],[8.5,1.536],[8.5,3.681],[7.5,4.681],[-7.5,4.681],[-8.5,3.681],[-8.5,1.536]],"c":true}]},{"i":{"x":0.667,"y":1},"o":{"x":0.333,"y":0},"t":80,"s":[{"i":[[-8.57,-1.2099999999999997],[-1.726,-3.493],[4.8420000000000005,-3.452],[10,-0.18100000000000005],[10,3.817],[9.553,4.817],[-9.063,4.817],[-10.063,4.37],[-10.063,1.672]],"o":[[-4.692,-3.502],[1.8519999999999999,-3.493],[8.718,-1.161],[10,1.672],[10,4.37],[9,4.817],[-9.615,4.817],[-10.063,3.817],[-10.063,-0.18100000000000005]],"v":[[-6.648,-2.332],[0.063,-3.493],[6.78,-2.306],[10,1.672],[10,3.817],[9,4.817],[-9.063,4.817],[-10.063,3.817],[-10.063,1.672]],"c":true}]},{"i":{"x":0.667,"y":1},"o":{"x":0.333,"y":0},"t":88,"s":[{"i":[[-7.531,-2.2409999999999997],[-1.781,-5.118],[3.662,-4.545999999999999],[8.5,-0.31699999999999995],[8.5,3.681],[8.053,4.681],[-7.5,4.681],[-8.5,4.234],[-8.5,1.536]],"o":[[-3.653,-4.5329999999999995],[1.797,-5.118],[7.537999999999999,-2.255],[8.5,1.536],[8.5,4.234],[7.5,4.681],[-8.052,4.681],[-8.5,3.681],[-8.5,-0.31699999999999995]],"v":[[-5.609,-3.363],[0.008,-5.118],[5.6,-3.4],[8.5,1.536],[8.5,3.681],[7.5,4.681],[-7.5,4.681],[-8.5,3.681],[-8.5,1.536]],"c":true}]},{"t":96,"s":[{"i":[[-7.539,-1.804],[-1.789,-4.681],[3.654,-4.1080000000000005],[8.5,-0.31699999999999995],[8.5,3.681],[8.053,4.681],[-7.5,4.681],[-8.5,4.234],[-8.5,1.536]],"o":[[-3.661,-4.096],[1.789,-4.681],[7.529999999999999,-1.8170000000000002],[8.5,1.536],[8.5,4.234],[7.5,4.681],[-8.052,4.681],[-8.5,3.681],[-8.5,-0.31699999999999995]],"v":[[-5.617,-2.926],[0,-4.681],[5.592,-2.962],[8.5,1.536],[8.5,3.681],[7.5,4.681],[-7.5,4.681],[-8.5,3.681],[-8.5,1.536]],"c":true}]}],"ix":2},"nm":"Path 1","mn":"ADBE Vector Shape - Group","hd":false,"_render":true},{"ty":"st","c":{"a":0,"k":[0.0314,0.3412,0.6275,1],"ix":3},"o":{"a":0,"k":100,"ix":4},"w":{"a":0,"k":2,"ix":5},"lc":1,"lj":1,"ml":4,"bm":0,"nm":"Stroke 1","mn":"ADBE Vector Graphic - Stroke","hd":false,"_render":true},{"ty":"tr","p":{"a":0,"k":[10.5,6.681],"ix":2},"a":{"a":0,"k":[0,0],"ix":1},"s":{"a":0,"k":[100,100],"ix":3},"r":{"a":0,"k":0,"ix":6},"o":{"a":0,"k":100,"ix":7},"sk":{"a":0,"k":0,"ix":4},"sa":{"a":0,"k":0,"ix":5},"nm":"Transform","_render":true}],"nm":"Group 1","np":2,"cix":2,"bm":0,"ix":1,"mn":"ADBE Vector Group","hd":false,"_render":true}],"ip":0,"op":480,"st":0,"bm":0,"completed":true},{"ddd":0,"ind":3,"ty":4,"nm":"circle","sr":1,"ks":{"o":{"a":0,"k":100,"ix":11},"r":{"a":0,"k":0,"ix":10},"p":{"a":0,"k":[24,24,0],"ix":2},"a":{"a":0,"k":[25,25,0],"ix":1},"s":{"a":0,"k":[100,100,100],"ix":6}},"ao":0,"shapes":[{"ty":"gr","it":[{"ind":0,"ty":"sh","ix":1,"ks":{"a":0,"k":{"i":[[-12.703,-23],[23,-12.703],[12.702,23],[-23,12.702]],"o":[[12.702,-23],[23,12.702],[-12.703,23],[-23,-12.703]],"v":[[0,-23],[23,0],[0,23],[-23,0]],"c":true},"ix":2},"nm":"Path 1","mn":"ADBE Vector Shape - Group","hd":false,"_render":true},{"ty":"st","c":{"a":0,"k":[0.0968,0.4972,0.7832,1],"ix":3},"o":{"a":0,"k":100,"ix":4},"w":{"a":0,"k":2,"ix":5},"lc":1,"lj":1,"ml":4,"bm":0,"nm":"Stroke 1","mn":"ADBE Vector Graphic - Stroke","hd":false,"_render":true},{"ty":"tr","p":{"a":0,"k":[25,25],"ix":2},"a":{"a":0,"k":[0,0],"ix":1},"s":{"a":0,"k":[100,100],"ix":3},"r":{"a":0,"k":0,"ix":6},"o":{"a":0,"k":100,"ix":7},"sk":{"a":0,"k":0,"ix":4},"sa":{"a":0,"k":0,"ix":5},"nm":"Transform","_render":true}],"nm":"Group 1","np":2,"cix":2,"bm":0,"ix":1,"mn":"ADBE Vector Group","hd":false,"_render":true}],"ip":0,"op":480,"st":0,"bm":0,"completed":true}],"markers":[],"__complete":true}